,B,Diffusion_bool,partition,prediction
231,"[0.791329, 0.921741, 0.729400383789, 2590.9]",0,train,999
661,"[0.858047, 0.830724, 0.712800236028, 2914.78]",0,train,999
225,"[0.624336, 1.12119, 0.69999927984, 4918.23]",1,train,999
388,"[0.689805, 1.06407, 0.73400080635, 3326.3]",1,train,999
326,"[0.818678, 0.890949, 0.729400345422, 2681.95]",0,train,999
439,"[0.768678, 0.896344, 0.688999913232, 2469.74]",1,train,999
519,"[0.811081, 0.783646, 0.635600381326, 2581.06]",0,train,999
47,"[0.774775, 0.912006, 0.70659944865, 2997.35]",1,train,999
562,"[0.810102, 0.792987, 0.642400354674, 2032.82]",1,train,999
132,"[0.865202, 0.791723, 0.685000323046, 1858.54]",1,train,999
129,"[1.03834, 0.599612, 0.62260112408, 1815.68]",0,train,999
505,"[0.620401, 1.1686, 0.7250006086, 2740.45]",1,train,999
277,"[1.03139, 0.62576, 0.6454026064, 1932.71]",1,train,999
37,"[0.654082, 1.28761, 0.84220252402, 2452.57]",1,train,999
336,"[0.901348, 0.739781, 0.666800124788, 2577.36]",0,train,999
159,"[0.67257, 1.12524, 0.7568026668, 3507.91]",1,train,999
224,"[0.315898, 2.77178, 0.87559975844, 4996.42]",1,train,999
619,"[1.03509, 0.588357, 0.60900244713, 1393.7]",0,train,999
577,"[0.911443, 0.724566, 0.660400608738, 2345.31]",0,train,999
212,"[1.14498, 0.559135, 0.6401983923, 1351.26]",1,train,999
468,"[1.24785, 0.490604, 0.6122002014, 1036.45]",0,train,999
613,"[0.734436, 0.960192, 0.705199571712, 2947.89]",0,train,999
592,"[0.781161, 0.905831, 0.707599849791, 2741.43]",0,train,999
91,"[1.1695, 0.554254, 0.648200053, 1323.13]",1,train,999
201,"[0.777112, 0.930368, 0.723000137216, 2335.71]",1,train,999
426,"[0.605776, 1.32986, 0.80559727136, 3681.29]",1,train,999
156,"[1.51602, 0.384955, 0.5835994791, 1102.68]",0,train,999
94,"[0.719622, 1.04277, 0.75040023294, 2987.95]",1,train,999
116,"[0.571355, 1.35818, 0.7760029339, 3968.58]",1,train,999
110,"[1.0803, 0.59169, 0.639202707, 2170.15]",1,train,999
287,"[1.18828, 0.5322, 0.632402616, 1289.52]",0,train,999
639,"[0.838059, 0.785625, 0.658400101875, 1969.74]",1,train,999
583,"[0.819886, 0.880611, 0.722000630346, 2637.74]",1,train,999
628,"[0.493271, 1.58331, 0.78100090701, 3838.8]",1,train,999
137,"[1.39411, 0.504552, 0.70340098872, 1996.52]",1,train,999
207,"[0.911245, 0.880553, 0.802399518485, 1789.58]",1,train,999
1,"[0.629251, 1.21573, 0.76499931823, 3491.36]",1,train,999
460,"[0.536552, 1.40937, 0.75620029224, 2738.65]",1,train,999
338,"[0.706783, 0.944278, 0.667399637674, 2650.85]",0,train,999
550,"[0.930569, 0.712252, 0.662799631388, 2722.98]",0,train,999
76,"[0.933786, 0.632907, 0.590999695902, 1594.55]",0,train,999
533,"[1.43647, 0.385668, 0.55400051196, 1151.52]",0,train,999
425,"[1.0029, 0.684214, 0.6861982206, 2244.49]",1,train,999
431,"[0.42304, 1.97759, 0.8365996736, 3285.35]",1,train,999
70,"[0.946218, 0.779313, 0.737399988234, 2542.96]",0,train,999
585,"[0.79488, 0.933726, 0.74220012288, 2565.84]",1,train,999
247,"[0.806244, 0.850859, 0.685999963596, 1953.81]",1,train,999
257,"[1.06348, 0.639596, 0.68019755408, 2009.05]",0,train,999
38,"[0.710904, 0.983817, 0.699399440568, 2507.52]",0,train,999
463,"[0.57834, 1.36598, 0.7900008732, 3797.39]",1,train,999
371,"[0.730648, 0.936428, 0.684199245344, 2931.64]",1,train,999
208,"[0.814725, 0.911474, 0.74260065465, 2293.83]",1,train,999
427,"[0.613708, 1.32115, 0.8108003242, 3637.4]",1,train,999
71,"[0.90051, 0.821091, 0.73940065641, 2701.41]",0,train,999
7,"[0.640612, 1.13953, 0.72999659236, 3624.84]",1,train,999
186,"[0.437316, 1.90251, 0.83199806316, 4292.99]",1,train,999
48,"[1.38142, 0.498906, 0.68919872652, 1132.67]",1,train,999
470,"[1.22642, 0.444872, 0.54559991824, 1062.82]",0,train,999
556,"[1.17217, 0.55265, 0.6477997505, 1317.75]",0,train,999
665,"[0.885692, 0.710405, 0.62920002526, 2150.77]",0,train,999
640,"[0.987389, 0.637641, 0.629599709349, 1691.45]",0,train,999
345,"[0.853326, 0.785397, 0.670199680422, 1891.61]",1,train,999
99,"[0.899727, 0.777791, 0.699799563057, 2829.99]",1,train,999
356,"[0.875522, 0.802264, 0.702399781808, 2553.18]",0,train,999
575,"[0.562611, 1.39955, 0.78740222505, 3863.94]",1,train,999
41,"[0.734288, 0.972643, 0.714200083184, 2323.19]",0,train,999
13,"[0.697286, 1.08162, 0.75419848332, 4035.37]",0,train,999
310,"[0.653619, 1.1499, 0.7515964881, 3421.44]",1,train,999
561,"[0.511068, 1.65692, 0.84679879056, 3751.27]",1,train,999
127,"[0.815931, 0.803499, 0.655599742569, 1962.02]",0,train,999
139,"[1.49442, 0.433746, 0.64819869732, 1547.92]",0,train,999
245,"[0.851648, 0.813247, 0.692600181056, 2574.44]",0,train,999
458,"[0.807635, 0.863509, 0.697400091215, 1518.16]",1,train,999
432,"[0.904434, 0.716913, 0.648400492242, 1851.98]",1,train,999
477,"[1.13003, 0.569013, 0.64300176039, 1372.74]",0,train,999
456,"[0.761133, 0.922834, 0.702399410922, 2668.75]",1,train,999
294,"[1.05875, 0.577473, 0.61139953875, 1481.57]",0,train,999
652,"[0.660405, 1.15293, 0.76140073665, 3494.27]",1,train,999
321,"[1.15388, 0.515306, 0.59460128728, 1362.95]",0,train,999
101,"[0.672661, 1.05373, 0.70880307553, 2754.14]",0,train,999
324,"[1.10251, 0.637636, 0.70300006636, 1926.34]",0,train,999
226,"[1.23503, 0.463147, 0.57200043941, 1333.89]",0,train,999
183,"[0.718278, 1.03915, 0.7463985837, 2945.9]",1,train,999
281,"[0.514247, 1.54323, 0.79360139781, 4945.62]",1,train,999
397,"[0.65885, 1.23002, 0.810398677, 3135.04]",1,train,999
651,"[0.653616, 1.15236, 0.75320093376, 3541.09]",1,train,999
487,"[0.979603, 0.645363, 0.632199530889, 1840.31]",0,train,999
161,"[0.799535, 0.795963, 0.636400277205, 1156.88]",0,train,999
353,"[0.993168, 0.663131, 0.658600489008, 1822.16]",0,train,999
380,"[0.427517, 1.95735, 0.83680039995, 3327.89]",1,train,999
655,"[1.07865, 0.529923, 0.57160144395, 1250.29]",0,train,999
410,"[0.800859, 0.890045, 0.712800548655, 2899.33]",1,train,999
671,"[0.579498, 1.33771, 0.77520026958, 3592.82]",1,train,999
469,"[0.716983, 0.950093, 0.681200529419, 2681.14]",1,train,999
36,"[0.801255, 0.876126, 0.70200033813, 2819.83]",1,train,999
236,"[0.727734, 0.910497, 0.662599623798, 2061.37]",1,train,999
297,"[1.18063, 0.556822, 0.65740075786, 1878.78]",0,train,999
30,"[0.659976, 1.06277, 0.70140269352, 2801.34]",0,train,999
421,"[0.769862, 0.864051, 0.665200030962, 2831.01]",0,train,999
59,"[0.713962, 1.07485, 0.7674020557, 3323.78]",1,train,999
174,"[0.68535, 1.11505, 0.7641995175, 3236.63]",0,train,999
544,"[0.541661, 1.42377, 0.77120068197, 5154.28]",1,train,999
175,"[1.14098, 0.541817, 0.61820236066, 1619.08]",0,train,999
27,"[1.1988, 0.55222, 0.662001336, 1317.1]",0,train,999
46,"[0.792408, 0.795297, 0.630199705176, 2023.49]",0,train,999
480,"[0.810307, 0.830303, 0.672800333021, 2172.08]",1,train,999
305,"[0.705732, 0.986211, 0.696000661452, 2735.39]",0,train,999
514,"[1.1916, 0.475998, 0.5671992168, 1256.68]",0,train,999
329,"[1.36486, 0.439167, 0.59940147162, 1077.7]",0,train,999
31,"[0.666065, 1.07047, 0.71300260055, 2773.85]",0,train,999
363,"[1.34435, 0.417897, 0.56179983195, 1309.79]",0,train,999
215,"[1.01875, 0.705177, 0.71839906875, 2371.86]",1,train,999
396,"[0.768319, 0.991516, 0.761800581604, 2962.95]",1,train,999
635,"[0.813283, 0.870792, 0.708200330136, 2402.97]",1,train,999
532,"[1.1879, 0.524119, 0.6226009601, 1549.77]",0,train,999
19,"[0.443469, 1.87747, 0.83259974343, 4708.57]",1,train,999
100,"[0.929294, 0.737549, 0.685399860406, 2794.99]",1,train,999
524,"[0.697273, 1.02542, 0.71499767966, 3392.15]",1,train,999
358,"[1.00423, 0.707207, 0.71019848561, 2246.85]",0,train,999
372,"[0.558554, 1.36961, 0.76500114394, 4676.87]",1,train,999
357,"[1.01182, 0.705063, 0.71339684466, 2255.9]",0,train,999
98,"[0.914088, 0.763822, 0.698200524336, 2781.24]",1,train,999
346,"[0.643237, 1.17841, 0.75799691317, 3610.7]",0,train,999
263,"[0.54542, 1.42862, 0.7791979204, 3316.52]",1,train,999
318,"[1.19087, 0.534904, 0.63700112648, 1299.69]",0,train,999
307,"[1.13024, 0.646591, 0.73080301184, 2227.25]",0,train,999
653,"[0.926286, 0.702807, 0.651000284802, 1574.92]",0,train,999
299,"[0.635531, 1.2012, 0.7633998372, 3050.41]",1,train,999
669,"[1.13678, 0.621405, 0.7064007759, 1955.6]",0,train,999
617,"[0.745521, 0.944306, 0.703999953426, 3036.11]",0,train,999
14,"[0.274675, 3.25548, 0.894198969, 5195.22]",1,train,999
535,"[0.512375, 1.53716, 0.787602355, 5169.77]",1,train,999
26,"[1.19971, 0.549134, 0.65880155114, 1314.22]",0,train,999
253,"[1.00283, 0.656142, 0.65799888186, 1511.5]",1,train,999
374,"[1.24187, 0.520505, 0.64639954435, 1535.92]",1,train,999
97,"[0.934938, 0.735236, 0.687400075368, 2720.39]",1,train,999
415,"[1.07501, 0.611902, 0.65780076902, 1461.09]",0,train,999
391,"[0.313235, 2.79854, 0.8766006769, 4943.87]",1,train,999
278,"[0.543402, 1.4343, 0.7794014886, 4258.46]",1,train,999
184,"[0.737111, 0.992795, 0.731800115245, 2904.54]",0,train,999
166,"[0.777904, 0.875429, 0.680999720816, 2191.54]",0,train,999
142,"[0.581484, 1.35962, 0.79059727608, 4025.06]",1,train,999
50,"[0.652591, 1.10636, 0.72200057876, 3710.38]",0,train,999
416,"[1.04914, 0.639764, 0.67120200296, 1504.01]",1,train,999
481,"[0.419881, 2.00247, 0.84079910607, 4222.76]",1,train,999
408,"[0.748874, 0.984411, 0.737199803214, 4761.4]",1,train,999
576,"[0.714751, 0.963133, 0.688400274883, 3229.9]",1,train,999
385,"[0.950984, 0.654059, 0.621999644056, 1813.88]",0,train,999
629,"[0.699116, 1.00956, 0.70579954896, 3366.26]",0,train,999
210,"[0.709696, 1.08948, 0.77319959808, 3332.74]",0,train,999
574,"[0.767126, 0.944043, 0.724199930418, 2858.15]",1,train,999
187,"[0.765244, 0.946626, 0.724399866744, 3202.06]",1,train,999
600,"[1.12361, 0.57618, 0.6474016098, 1383.67]",0,train,999
229,"[0.803859, 0.89966, 0.72319978794, 2743.99]",0,train,999
622,"[1.26973, 0.451435, 0.57320056255, 1083.51]",0,train,999
61,"[0.583969, 1.24082, 0.72460041458, 3760.71]",0,train,999
483,"[0.755158, 0.982576, 0.742000127008, 2896.07]",0,train,999
104,"[1.08397, 0.612008, 0.66339831176, 2034.91]",0,train,999
422,"[0.671525, 1.06027, 0.71199781175, 3072.43]",0,train,999
597,"[1.51311, 0.456676, 0.69100102236, 1653.77]",1,train,999
144,"[0.573061, 1.36076, 0.77979848636, 4076.29]",1,train,999
615,"[0.78852, 0.939989, 0.74120012628, 2466.59]",0,train,999
529,"[0.675677, 1.03807, 0.70140002339, 3536.85]",0,train,999
373,"[0.762781, 1.01051, 0.77079782831, 3013.21]",1,train,999
443,"[1.424, 0.438904, 0.624999296, 1178.83]",0,train,999
383,"[0.965963, 0.65634, 0.63400015542, 2017.54]",0,train,999
435,"[1.0369, 0.64616, 0.670003304, 1720.83]",0,train,999
280,"[0.96734, 0.718052, 0.69460042168, 1463.57]",1,train,999
548,"[0.678518, 1.02989, 0.69879890302, 3472.7]",0,train,999
113,"[0.458248, 1.76891, 0.81059946968, 4103.57]",1,train,999
504,"[0.561345, 1.40591, 0.78920054895, 4393.0]",1,train,999
451,"[0.720668, 0.984087, 0.709200010116, 2929.78]",1,train,999
348,"[0.469492, 1.71078, 0.80319752376, 4163.83]",1,train,999
319,"[0.458126, 1.80955, 0.8290019033, 4349.15]",1,train,999
177,"[1.02718, 0.690238, 0.70899866884, 2126.33]",0,train,999
503,"[0.82433, 0.883384, 0.72819993272, 2467.12]",1,train,999
407,"[1.01719, 0.65632, 0.6676021408, 2223.34]",1,train,999
578,"[0.580972, 1.30643, 0.75899924996, 3560.7]",1,train,999
115,"[0.59675, 1.30909, 0.7811994575, 3955.57]",1,train,999
496,"[1.08539, 0.653219, 0.70899737041, 2488.77]",1,train,999
271,"[0.734143, 1.01969, 0.74859827567, 2742.03]",1,train,999
239,"[0.69251, 1.00388, 0.6951969388, 2633.19]",0,train,999
376,"[0.80193, 0.92851, 0.7446000243, 2176.28]",1,train,999
274,"[1.11708, 0.637912, 0.71259873696, 2040.08]",0,train,999
500,"[0.735724, 0.964764, 0.709800029136, 3742.25]",0,train,999
320,"[0.883011, 0.696933, 0.615399505263, 1139.26]",1,train,999
462,"[0.703058, 1.02182, 0.71839872556, 3087.73]",0,train,999
593,"[0.728441, 0.977705, 0.712200407905, 2754.05]",1,train,999
293,"[0.637007, 1.16011, 0.73899819077, 3372.84]",1,train,999
658,"[1.08555, 0.571506, 0.6203983383, 1738.2]",0,train,999
217,"[1.1831, 0.504945, 0.5974004295, 1390.68]",0,train,999
158,"[0.447193, 1.79743, 0.80379811399, 4878.38]",1,train,999
543,"[0.481059, 1.66466, 0.80079967494, 5172.97]",1,train,999
63,"[0.676975, 1.06562, 0.7213980995, 2868.16]",0,train,999
252,"[0.632439, 1.21055, 0.76559903145, 3627.92]",1,train,999
18,"[0.577283, 1.35185, 0.78040002355, 5054.09]",1,train,999
298,"[0.659951, 1.14311, 0.75439658761, 3437.92]",1,train,999
241,"[0.70723, 0.9779, 0.691600217, 2567.28]",0,train,999
599,"[0.624717, 1.1887, 0.7426010979, 3966.07]",1,train,999
568,"[0.311959, 2.77664, 0.86619783776, 5633.74]",1,train,999
627,"[1.26176, 0.594564, 0.75019707264, 1514.64]",1,train,999
292,"[0.91185, 0.709985, 0.64739982225, 2108.5]",0,train,999
290,"[1.19415, 0.54817, 0.6545972055, 1337.81]",0,train,999
172,"[0.698397, 1.0169, 0.7101999093, 2172.77]",1,train,999
219,"[1.12613, 0.5328, 0.600002064, 1574.85]",0,train,999
382,"[0.993468, 0.596497, 0.592600681596, 1799.42]",0,train,999
438,"[0.805702, 0.883453, 0.711799849006, 2947.67]",0,train,999
85,"[1.07449, 0.609034, 0.65440094266, 1463.5]",1,train,999
3,"[0.625693, 1.22616, 0.76719972888, 3636.01]",1,train,999
646,"[0.555715, 1.39316, 0.7741999094, 4186.05]",1,train,999
565,"[0.646039, 1.23398, 0.79719920522, 3257.31]",1,train,999
547,"[0.765991, 0.920115, 0.704799808965, 2929.42]",0,train,999
429,"[0.9535, 0.667226, 0.636199991, 1488.44]",0,train,999
322,"[1.04525, 0.670268, 0.700597627, 2055.7]",0,train,999
405,"[1.22977, 0.544005, 0.66900102885, 1291.67]",0,train,999
491,"[1.0202, 0.615958, 0.6284003516, 1748.63]",0,train,999
608,"[0.359874, 2.36305, 0.8504002557, 5152.99]",1,train,999
620,"[0.822036, 0.802641, 0.659799797076, 2671.92]",0,train,999
675,"[0.85339, 0.819789, 0.69959973471, 2576.07]",0,train,999
185,"[0.899748, 0.715089, 0.643399897572, 1758.35]",0,train,999
228,"[1.38534, 0.463424, 0.64199980416, 1267.75]",0,train,999
279,"[0.697914, 1.01216, 0.70640063424, 3308.64]",0,train,999
588,"[0.689845, 1.14229, 0.78800304505, 3247.44]",1,train,999
662,"[0.729711, 0.878704, 0.641199974544, 2637.82]",0,train,999
610,"[0.284265, 3.1154, 0.885599181, 5193.45]",1,train,999
57,"[0.798706, 0.801296, 0.639999922976, 3154.09]",1,train,999
272,"[1.11173, 0.630911, 0.70140268603, 2023.03]",0,train,999
355,"[0.620421, 1.28526, 0.79740229446, 3710.81]",1,train,999
399,"[0.909707, 0.747713, 0.680199750091, 2226.82]",0,train,999
539,"[0.528259, 1.46973, 0.77639810007, 5150.56]",1,train,999
664,"[0.729494, 1.07965, 0.7875981971, 2892.17]",1,train,999
117,"[0.88059, 0.732691, 0.64520036769, 2213.74]",0,train,999
395,"[0.812728, 0.902146, 0.733199314288, 2914.35]",1,train,999
367,"[0.701942, 0.911186, 0.639599723212, 2387.1]",0,train,999
448,"[0.431427, 1.88676, 0.81399920652, 4398.73]",1,train,999
170,"[0.839472, 0.731651, 0.614200528272, 1554.54]",0,train,999
126,"[0.847968, 0.759227, 0.643800200736, 1685.99]",0,train,999
339,"[0.580679, 1.30985, 0.76060238815, 4521.86]",1,train,999
256,"[1.10967, 0.589005, 0.65360117835, 1869.94]",0,train,999
269,"[0.805938, 0.819666, 0.660599976708, 1956.93]",1,train,999
15,"[0.901246, 0.715232, 0.644599979072, 1879.08]",0,train,999
482,"[0.693763, 1.09115, 0.75699949745, 3103.37]",1,train,999
20,"[0.861714, 0.763595, 0.65800050183, 2282.5]",1,train,999
511,"[1.43313, 0.379311, 0.54360197343, 916.666]",0,train,999
434,"[0.691873, 1.12101, 0.77559655173, 3370.77]",1,train,999
147,"[1.01632, 0.683055, 0.6942024576, 2191.92]",0,train,999
516,"[0.785515, 0.819081, 0.643400411715, 2681.7]",0,train,999
248,"[0.874765, 0.781924, 0.68399974786, 1926.45]",1,train,999
173,"[0.412792, 2.09209, 0.86359801528, 4211.18]",1,train,999
258,"[0.715898, 0.999863, 0.715799921974, 3037.76]",1,train,999
275,"[0.637007, 1.15949, 0.73860324643, 3357.0]",0,train,999
392,"[0.330655, 2.61602, 0.8650000931, 4830.79]",1,train,999
141,"[0.382184, 2.22824, 0.85159767616, 3737.01]",1,train,999
168,"[0.956692, 0.659355, 0.63079965366, 1710.86]",0,train,999
623,"[1.3077, 0.439091, 0.5741993007, 1012.29]",0,train,999
634,"[0.937633, 0.692809, 0.649600581097, 2046.46]",0,train,999
455,"[0.565023, 1.35216, 0.76400149968, 4259.92]",0,train,999
581,"[0.498613, 1.55913, 0.77740248669, 4325.17]",1,train,999
78,"[0.619603, 1.11749, 0.69240015647, 3144.66]",0,train,999
414,"[1.08661, 0.586778, 0.63759884258, 1524.01]",1,train,999
494,"[0.725109, 0.965373, 0.700000650657, 2500.21]",1,train,999
164,"[0.74228, 0.956244, 0.70980079632, 2401.5]",1,train,999
152,"[0.799593, 0.835175, 0.667800083775, 2408.22]",1,train,999
206,"[0.734572, 1.03652, 0.76139856944, 2394.29]",0,train,999
660,"[0.82221, 0.831905, 0.68400061005, 2497.23]",0,train,999
558,"[1.24989, 0.55733, 0.6966011937, 1828.2]",1,train,999
176,"[1.17241, 0.511765, 0.59999840365, 1415.71]",0,train,999
128,"[1.23596, 0.506488, 0.62599890848, 1303.2]",0,train,999
537,"[0.51003, 1.53913, 0.7850024739, 5166.3]",1,train,999
0,"[0.881935, 0.787813, 0.694799858155, 2485.27]",1,train,999
553,"[0.83384, 0.815983, 0.68039926472, 1802.51]",0,train,999
28,"[1.19943, 0.549427, 0.65899922661, 1315.3]",0,train,999
598,"[0.794129, 0.918742, 0.729599665718, 2943.87]",0,train,999
465,"[0.811705, 0.886775, 0.719799701375, 2648.47]",1,train,999
334,"[1.14403, 0.518866, 0.59359826998, 1229.55]",0,train,999
604,"[0.80227, 0.903436, 0.72479959972, 2820.29]",1,train,999
384,"[0.789274, 0.916792, 0.723600089008, 2959.83]",1,train,999
452,"[0.928139, 0.75743, 0.70300032277, 1748.33]",0,train,999
347,"[0.441638, 1.84133, 0.81320129854, 4506.52]",1,train,999
351,"[0.869875, 0.880357, 0.765800545375, 2500.7]",1,train,999
303,"[0.728838, 0.925308, 0.674399632104, 2381.17]",0,train,999
428,"[0.588936, 1.35397, 0.79740167592, 3829.62]",1,train,999
643,"[0.863424, 0.799607, 0.690399874368, 3014.46]",0,train,999
668,"[1.15604, 0.610357, 0.70559710628, 1923.56]",0,train,999
361,"[0.498918, 1.62953, 0.81300184854, 4614.84]",1,train,999
196,"[1.20476, 0.50035, 0.602801666, 1354.07]",0,train,999
189,"[0.743275, 0.970032, 0.7210005348, 1723.0]",1,train,999
515,"[0.802555, 0.821626, 0.65940005443, 2662.99]",0,train,999
135,"[1.10466, 0.681842, 0.75320358372, 2024.41]",1,train,999
670,"[1.114, 0.628903, 0.700597942, 2008.69]",0,train,999
133,"[0.773652, 0.914882, 0.707800289064, 2253.61]",0,train,999
354,"[0.578749, 1.32493, 0.76680191257, 3616.99]",1,train,999
232,"[0.780594, 0.957988, 0.747799684872, 2794.23]",1,train,999
555,"[0.777087, 0.876093, 0.680800481091, 1910.51]",0,train,999
190,"[0.279149, 3.15817, 0.88159999733, 5712.98]",1,train,999
559,"[1.28778, 0.53938, 0.6946027764, 1745.13]",1,train,999
368,"[0.709285, 0.892166, 0.63279996131, 2352.94]",0,train,999
136,"[1.09302, 0.685988, 0.74979860376, 2132.73]",1,train,999
209,"[0.945467, 0.761105, 0.719599661035, 1638.15]",1,train,999
68,"[0.888078, 0.815469, 0.724200078582, 2370.57]",1,train,999
611,"[0.722195, 1.01496, 0.7329990372, 3553.36]",0,train,999
122,"[0.712902, 1.0439, 0.7441983978, 2720.81]",0,train,999
654,"[0.691421, 1.10902, 0.76679971742, 3190.97]",1,train,999
309,"[0.552463, 1.4267, 0.7881989621, 3674.57]",1,train,999
393,"[1.02354, 0.603003, 0.61719769062, 1793.0]",0,train,999
580,"[0.608079, 1.24392, 0.75640162968, 3378.01]",1,train,999
60,"[0.782835, 0.933274, 0.73059955179, 3030.79]",1,train,999
589,"[0.813465, 0.893708, 0.72700017822, 2627.1]",1,train,999
55,"[0.808218, 0.787906, 0.636799811508, 3141.59]",1,train,999
72,"[0.827757, 0.922976, 0.763999844832, 3286.2]",1,train,999
442,"[1.41986, 0.439761, 0.62439905346, 1183.84]",0,train,999
633,"[0.499, 1.57836, 0.78760164, 3813.84]",1,train,999
540,"[0.843112, 0.784949, 0.661799921288, 2088.78]",1,train,999
657,"[0.61183, 1.29415, 0.7917997945, 2839.84]",1,train,999
17,"[0.898447, 0.70544, 0.63380045168, 2004.72]",0,train,999
86,"[1.22798, 0.544469, 0.66859704262, 1311.45]",1,train,999
522,"[0.470537, 1.71124, 0.80520173588, 4335.39]",1,train,999
230,"[0.9042, 0.773944, 0.6998001648, 2197.73]",0,train,999
106,"[0.760114, 0.901706, 0.685399354484, 2921.23]",1,train,999
234,"[1.02124, 0.652342, 0.66619774408, 1764.2]",0,train,999
433,"[0.935418, 0.70129, 0.65599928922, 1927.56]",1,train,999
402,"[1.04962, 0.641947, 0.67380041014, 2024.45]",0,train,999
88,"[1.13771, 0.564817, 0.64259794907, 1371.18]",0,train,999
497,"[0.815704, 0.851289, 0.694399842456, 1942.26]",1,train,999
107,"[0.754531, 0.894065, 0.674599758515, 2944.78]",1,train,999
73,"[0.330751, 2.65335, 0.87759816585, 4285.91]",1,train,999
49,"[0.462445, 1.79308, 0.8292008806, 3062.18]",1,train,999
413,"[0.790347, 0.923392, 0.729800097024, 2942.91]",0,train,999
79,"[1.02087, 0.539146, 0.55039797702, 1370.18]",0,train,999
525,"[0.718839, 0.978244, 0.703199938716, 3059.02]",1,train,999
453,"[0.60089, 1.29042, 0.7754004738, 3993.78]",1,train,999
450,"[1.3396, 0.434308, 0.5817989968, 1028.47]",0,train,999
656,"[0.6982, 1.07648, 0.751598336, 2781.99]",1,train,999
11,"[0.722123, 0.982935, 0.709799971005, 2844.14]",0,train,999
648,"[0.895752, 0.700194, 0.627200175888, 2547.24]",1,train,999
131,"[0.926552, 0.753115, 0.69780020948, 2044.86]",0,train,999
204,"[0.887088, 0.699818, 0.620800149984, 1444.16]",1,train,999
595,"[0.586943, 1.32449, 0.77740013407, 2900.02]",1,train,999
193,"[0.721226, 0.950881, 0.685800100106, 2603.58]",0,train,999
573,"[0.761137, 0.969602, 0.737999957474, 3503.12]",0,train,999
474,"[1.1664, 0.49297, 0.575000208, 1233.47]",0,train,999
16,"[0.940569, 0.701703, 0.660000089007, 1979.4]",0,train,999
631,"[0.828925, 0.821064, 0.6806004762, 2422.64]",0,train,999
282,"[0.506406, 1.56238, 0.79119860628, 4788.47]",1,train,999
659,"[0.448758, 1.80142, 0.80840163636, 4926.21]",1,train,999
120,"[1.66761, 0.453344, 0.75600098784, 1985.26]",1,train,999
223,"[0.730619, 1.01613, 0.74240388447, 2955.01]",1,train,999
83,"[1.17248, 0.547727, 0.64219895296, 1331.1]",0,train,999
124,"[0.910166, 0.682952, 0.621599690032, 1580.69]",0,train,999
552,"[0.742505, 0.929286, 0.68999950143, 2003.86]",0,train,999
265,"[0.715311, 1.01466, 0.72579745926, 3088.99]",1,train,999
379,"[0.960232, 0.630056, 0.604999932992, 1636.87]",0,train,999
291,"[1.18797, 0.532166, 0.63219724302, 1294.27]",0,train,999
313,"[0.589907, 1.37683, 0.81220165481, 3778.92]",1,train,999
350,"[0.562193, 1.40806, 0.79160147558, 3858.42]",1,train,999
549,"[0.669934, 1.05473, 0.70659948782, 3652.82]",0,train,999
244,"[0.905605, 0.664749, 0.602000018145, 1422.68]",0,train,999
171,"[0.708252, 1.03946, 0.73619962392, 3211.97]",1,train,999
572,"[0.869727, 0.742532, 0.645800128764, 1980.84]",0,train,999
569,"[0.850194, 0.774411, 0.658399585734, 2907.44]",0,train,999
32,"[0.828676, 0.820103, 0.679599673628, 2557.99]",0,train,999
349,"[0.628411, 1.11583, 0.70119984613, 3147.04]",1,train,999
517,"[0.808912, 0.776351, 0.627999640112, 2549.12]",0,train,999
220,"[0.868335, 0.764912, 0.66419986152, 2177.92]",0,train,999
39,"[0.73653, 0.968053, 0.71300007609, 2337.87]",0,train,999
77,"[0.769652, 0.959394, 0.738399510888, 3441.9]",0,train,999
389,"[0.943263, 0.727475, 0.686200250925, 2132.46]",1,train,999
650,"[0.65232, 1.14729, 0.7484002128, 3529.46]",1,train,999
587,"[0.819731, 0.823685, 0.675200128735, 2407.37]",0,train,999
259,"[0.939688, 0.67831, 0.63739976728, 1942.98]",0,train,999
461,"[0.334728, 2.54117, 0.85060075176, 3019.95]",1,train,999
571,"[0.901746, 0.702415, 0.63339991659, 1905.97]",0,train,999
526,"[1.00323, 0.706918, 0.70920134514, 2251.06]",0,train,999
82,"[1.13639, 0.568466, 0.64599907774, 1372.2]",0,train,999
518,"[0.818446, 0.768774, 0.629200005204, 2514.12]",0,train,999
44,"[0.982453, 0.617434, 0.606599885602, 1610.56]",0,train,999
52,"[1.08566, 0.51416, 0.5582029456, 1283.49]",0,train,999
417,"[1.32181, 0.482518, 0.63779711758, 1156.43]",0,train,999
9,"[0.656268, 1.09559, 0.71900065812, 3672.63]",0,train,999
211,"[0.69659, 1.13266, 0.7889996294, 3384.04]",1,train,999
108,"[0.929043, 0.634201, 0.589199999643, 1609.25]",0,train,999
121,"[0.720686, 1.05233, 0.75839949838, 2829.56]",0,train,999
418,"[1.32207, 0.484999, 0.64120262793, 1162.75]",1,train,999
314,"[0.589907, 1.37649, 0.81200108643, 3787.24]",1,train,999
377,"[0.884237, 0.811547, 0.717599884639, 2587.34]",1,train,999
489,"[0.99936, 0.631404, 0.63099990144, 1795.03]",0,train,999
148,"[0.882362, 0.793779, 0.700400425998, 2732.81]",0,train,999
409,"[0.378656, 2.21785, 0.8398022096, 4996.41]",1,train,999
268,"[0.987929, 0.773942, 0.764599746118, 1858.6]",0,train,999
325,"[1.85218, 0.373074, 0.69100020132, 1391.77]",0,train,999
618,"[0.967914, 0.713493, 0.690599863602, 2257.59]",0,train,999
506,"[0.609743, 1.19723, 0.73000261189, 2375.98]",1,train,999
95,"[0.968257, 0.71985, 0.69699980145, 1961.09]",0,train,999
24,"[1.14479, 0.566042, 0.64799922118, 1133.23]",1,train,999
254,"[1.01053, 0.634917, 0.64160267601, 1505.68]",1,train,999
534,"[0.48038, 1.65952, 0.7972002176, 5211.38]",1,train,999
216,"[1.177, 0.510961, 0.601401097, 1431.79]",0,train,999
35,"[0.467817, 1.6592, 0.7762019664, 7061.42]",1,train,999
551,"[0.867774, 0.782692, 0.679199767608, 1727.49]",1,train,999
240,"[0.70182, 0.978314, 0.68660033148, 2641.12]",1,train,999
340,"[1.3222, 0.551655, 0.729398241, 1899.19]",1,train,999
616,"[0.78335, 0.930107, 0.72859931845, 2498.59]",0,train,999
649,"[0.787709, 0.919375, 0.724199961875, 3001.77]",1,train,999
509,"[0.882052, 0.825122, 0.727800510344, 3308.15]",1,train,999
96,"[0.637133, 1.15737, 0.73739862021, 3578.48]",1,train,999
521,"[0.451159, 1.77897, 0.80259832623, 4503.64]",1,train,999
606,"[0.69846, 0.960112, 0.67059982752, 2891.46]",1,train,999
501,"[0.769828, 0.849281, 0.653800293668, 2552.36]",0,train,999
42,"[0.709142, 1.01785, 0.7218001847, 2658.68]",0,train,999
191,"[0.8258, 0.814482, 0.6725992356, 2662.15]",0,train,999
663,"[0.594994, 1.24875, 0.7429987575, 3371.05]",1,train,999
498,"[0.782876, 0.825418, 0.646199942168, 2055.94]",0,train,999
674,"[0.565447, 1.36211, 0.77020101317, 4134.76]",1,train,999
541,"[0.502437, 1.57671, 0.79219744227, 5217.08]",1,train,999
296,"[0.808261, 0.864572, 0.698799829292, 2456.74]",0,train,999
624,"[0.908856, 0.822132, 0.747199600992, 2099.7]",1,train,999
62,"[0.600599, 1.2008, 0.7211992792, 3638.73]",1,train,999
323,"[1.05388, 0.66421, 0.6999976348, 2033.7]",0,train,999
536,"[0.512269, 1.52498, 0.78119997962, 5157.57]",1,train,999
464,"[0.597667, 1.30608, 0.78060091536, 3782.32]",1,train,999
401,"[0.790446, 0.913408, 0.721999699968, 1514.86]",1,train,999
84,"[1.32388, 0.482069, 0.63820150772, 1171.45]",0,train,999
612,"[0.650684, 1.16708, 0.75940028272, 3510.47]",1,train,999
195,"[1.20544, 0.468044, 0.56419895936, 1387.02]",0,train,999
531,"[0.628902, 1.23644, 0.77759958888, 3346.47]",1,train,999
424,"[0.684898, 1.06848, 0.73179981504, 3777.17]",1,train,999
603,"[0.829543, 0.860956, 0.714200023108, 2687.86]",0,train,999
276,"[1.0747, 0.579508, 0.6227972476, 2027.08]",0,train,999
459,"[1.5718, 0.467871, 0.7353996378, 1734.34]",1,train,999
644,"[1.23134, 0.491823, 0.60560133282, 1305.87]",0,train,999
302,"[0.732143, 0.914849, 0.669800291407, 2559.11]",1,train,999
251,"[0.745691, 0.895545, 0.667799846595, 2478.17]",0,train,999
218,"[1.22764, 0.496238, 0.60920161832, 1275.62]",0,train,999
53,"[0.885864, 0.717492, 0.635600333088, 2152.69]",0,train,999
125,"[0.9137, 0.688847, 0.6293995039, 1577.44]",0,train,999
328,"[1.07351, 0.50321, 0.5402009671, 1393.84]",0,train,999
332,"[1.01438, 0.651434, 0.66080162092, 1763.41]",0,train,999
436,"[0.93374, 0.608092, 0.56779982408, 1711.3]",0,train,999
672,"[0.781296, 0.934601, 0.730200022896, 2482.68]",1,train,999
194,"[0.838883, 0.830152, 0.696400400216, 2516.71]",1,train,999
366,"[0.572296, 1.41465, 0.8095985364, 3880.01]",1,train,999
198,"[0.446812, 1.84104, 0.82259876448, 4557.7]",1,train,999
335,"[0.774705, 0.92887, 0.71960023335, 3156.94]",0,train,999
637,"[1.00366, 0.644838, 0.64719810708, 2503.38]",1,train,999
636,"[0.794522, 0.860391, 0.683599578102, 2998.35]",0,train,999
557,"[1.17541, 0.550957, 0.64760036737, 1321.44]",1,train,999
214,"[0.929467, 0.682757, 0.634600100519, 1942.84]",0,train,999
182,"[0.905742, 0.733321, 0.664199629182, 2753.93]",1,train,999
205,"[0.787001, 0.845489, 0.665400688489, 2047.69]",1,train,999
626,"[0.993033, 0.709342, 0.704400014286, 1685.86]",1,train,999
250,"[0.928559, 0.670501, 0.622599738059, 1829.96]",1,train,999
22,"[1.15975, 0.559948, 0.649399693, 1054.13]",0,train,999
289,"[1.19777, 0.543843, 0.65139883011, 1318.05]",0,train,999
199,"[1.03314, 0.588883, 0.60839858262, 1347.74]",0,train,999
286,"[1.18637, 0.537607, 0.63780081659, 1316.25]",0,train,999
510,"[1.1222, 0.573515, 0.643598533, 1415.26]",0,train,999
513,"[0.736025, 0.92986, 0.6844002065, 2583.34]",0,train,999
130,"[0.673241, 1.13986, 0.76740048626, 2933.84]",1,train,999
143,"[0.585033, 1.31377, 0.76859880441, 3970.91]",1,train,999
621,"[1.10837, 0.500916, 0.55520026692, 1149.97]",0,train,999
6,"[0.632077, 1.15144, 0.72779874088, 3677.95]",1,train,999
306,"[0.722154, 0.942735, 0.68079985119, 2634.52]",0,train,999
222,"[1.11827, 0.580004, 0.64860107308, 1388.51]",1,train,999
29,"[0.727417, 0.927666, 0.674800018722, 2562.17]",0,train,999
412,"[0.462369, 1.81543, 0.83939855367, 4736.81]",1,train,999
267,"[0.840589, 0.786353, 0.660999681917, 1756.74]",0,train,999
308,"[1.00336, 0.543771, 0.54559807056, 1234.78]",0,train,999
365,"[0.996288, 0.717463, 0.714799777344, 2246.99]",0,train,999
630,"[0.997869, 0.66181, 0.66039968289, 1993.96]",0,train,999
74,"[0.998622, 0.629868, 0.629000041896, 1910.93]",0,train,999
80,"[0.684425, 1.11451, 0.76279850675, 1937.02]",1,train,999
479,"[0.850165, 0.77585, 0.65960051525, 2031.12]",0,train,999
221,"[0.706681, 0.994508, 0.702799907948, 2978.73]",1,train,999
554,"[0.888503, 0.778388, 0.691600073164, 1671.71]",0,train,999
8,"[0.655338, 1.11423, 0.73019725974, 3557.22]",0,train,999
160,"[0.666736, 1.13628, 0.75759878208, 3453.0]",0,train,999
344,"[0.713822, 0.990723, 0.707199873306, 3079.94]",1,train,999
570,"[1.12702, 0.56645, 0.638400479, 1680.51]",1,train,999
596,"[1.30118, 0.532594, 0.69300066092, 1937.44]",1,train,999
475,"[0.962787, 0.659959, 0.635399945733, 1518.32]",0,train,999
441,"[0.959417, 0.730652, 0.700999949884, 1292.29]",0,train,999
642,"[0.890102, 0.815861, 0.726199507822, 2580.67]",0,train,999
331,"[1.04302, 0.663456, 0.69199787712, 1760.08]",0,train,999
502,"[0.743514, 0.911886, 0.678000007404, 3328.7]",0,train,999
538,"[0.533932, 1.444, 0.770997808, 5154.94]",1,train,999
467,"[0.399184, 2.0567, 0.8210017328, 5704.93]",1,train,999
370,"[0.773731, 0.897987, 0.694800379497, 2558.73]",0,train,999
647,"[1.19557, 0.544341, 0.65079776937, 1881.83]",0,train,999
243,"[0.798853, 0.819675, 0.654799832775, 1739.27]",0,train,999
203,"[1.05121, 0.621382, 0.65320297222, 1443.0]",1,train,999
342,"[0.978068, 0.713857, 0.698200688276, 2257.67]",0,train,999
270,"[0.824207, 0.891766, 0.734999779562, 2275.65]",0,train,999
446,"[0.591685, 1.21213, 0.71719913905, 3948.21]",0,train,999
359,"[1.0822, 0.657551, 0.7116016922, 2070.12]",0,train,999
69,"[0.613909, 1.22689, 0.75319881301, 3902.93]",1,train,999
146,"[0.908491, 0.69808, 0.63419939728, 2189.65]",0,train,999
520,"[0.516295, 1.56693, 0.80899812435, 4005.36]",1,train,999
330,"[1.01424, 0.671046, 0.68060169504, 2168.93]",1,train,999
65,"[0.838203, 0.795512, 0.666800544936, 2423.76]",0,train,999
317,"[0.882661, 0.80212, 0.70800004132, 2513.74]",0,train,999
10,"[0.637582, 1.14025, 0.7270028755, 3693.81]",1,test,1
614,"[0.551216, 1.44916, 0.79880017856, 3282.27]",1,test,1
341,"[1.09108, 0.51967, 0.5670015436, 1516.65]",0,test,1
375,"[0.787627, 0.946641, 0.745600010907, 2221.74]",0,test,0
162,"[0.673936, 1.10099, 0.74199679664, 2984.72]",1,test,0
478,"[1.13101, 0.56781, 0.6421987881, 1373.27]",0,test,1
327,"[1.05247, 0.50871, 0.5354020137, 1426.17]",0,test,1
493,"[0.409914, 2.04775, 0.8394013935, 4816.02]",1,test,1
398,"[0.652675, 1.24503, 0.81259995525, 3146.28]",1,test,1
5,"[0.238777, 3.75246, 0.89600114142, 6170.7]",1,test,1
180,"[0.921652, 0.679649, 0.626399860148, 2056.1]",0,test,0
566,"[0.928973, 0.721442, 0.670200139066, 2140.07]",0,test,0
249,"[0.758358, 0.997682, 0.756600126156, 2623.65]",1,test,1
273,"[1.11868, 0.626094, 0.70039883592, 2015.26]",0,test,0
112,"[0.797235, 0.802774, 0.63999952989, 2238.66]",0,test,0
546,"[0.752086, 0.957869, 0.720399864734, 1745.71]",1,test,1
602,"[1.18162, 0.536045, 0.6334014929, 1314.27]",0,test,1
473,"[0.953237, 0.722381, 0.688600297297, 2325.64]",0,test,0
445,"[0.868362, 0.75176, 0.65279981712, 2300.2]",0,test,1
238,"[0.702938, 0.982733, 0.690800369554, 2564.75]",0,test,0
102,"[0.737304, 0.941809, 0.694399542936, 3641.46]",1,test,1
528,"[0.438068, 1.8851, 0.8258019868, 4150.4]",1,test,1
155,"[0.730238, 0.938325, 0.68520057135, 2432.11]",0,test,0
200,"[0.777112, 0.931654, 0.723999503248, 2351.93]",1,test,1
594,"[0.742862, 0.897341, 0.666600529942, 2163.48]",1,test,0
673,"[0.702361, 1.02141, 0.71739854901, 3750.0]",1,test,0
118,"[0.790487, 0.915638, 0.723799935706, 2962.97]",0,test,1
488,"[0.99882, 0.630744, 0.62999972208, 1781.67]",0,test,0
154,"[0.721487, 1.00376, 0.72419979112, 2630.17]",1,test,0
181,"[0.582855, 1.29638, 0.7556015649, 3730.15]",1,test,1
283,"[1.10475, 0.585652, 0.646999047, 1071.01]",0,test,0
295,"[1.08206, 0.557085, 0.6027993951, 1403.83]",0,test,0
34,"[0.825883, 0.853389, 0.704799467487, 2845.11]",0,test,1
188,"[0.768776, 0.929269, 0.714399704744, 3192.89]",0,test,1
564,"[0.776883, 0.876065, 0.680600005395, 2204.47]",0,test,0
457,"[0.594852, 1.30553, 0.77659713156, 3660.55]",1,test,1
300,"[1.05966, 0.717779, 0.76060169514, 2561.59]",1,test,1
437,"[0.784087, 0.834856, 0.654599736472, 2432.06]",0,test,1
23,"[0.788284, 0.903228, 0.712000180752, 1632.89]",1,test,1
369,"[0.633535, 1.18983, 0.75379894905, 3344.77]",1,test,1
197,"[0.856122, 0.856887, 0.733599812214, 2802.89]",1,test,1
285,"[1.1867, 0.536783, 0.6370003861, 1325.77]",0,test,0
390,"[0.736536, 1.00253, 0.73839943608, 3305.42]",0,test,0
440,"[0.447552, 1.78124, 0.79719752448, 4870.46]",1,test,1
235,"[0.72122, 0.958376, 0.69119993872, 3203.88]",0,test,1
560,"[0.591689, 1.37167, 0.81160205063, 3796.89]",1,test,1
586,"[1.59439, 0.414328, 0.66060041992, 1257.39]",1,test,1
284,"[1.18883, 0.53195, 0.6323981185, 1315.47]",0,test,0
471,"[0.56995, 1.30327, 0.7427987365, 3665.0]",1,test,1
499,"[0.782648, 0.856323, 0.670199483304, 2138.55]",1,test,1
