train_size,y_true,y_pred,accuracy,f1_macro,f1_micro,f1_weighted,kappa
5,"[1, 0, 0, 1, 0, 0, 1, 1, 0, 1, 0, 1, 0, 0, 0, 0, 0, 0, 1, 0, 0, 1, 0, 0, 1, 0, 1, 0, 0, 1, 0, 0, 0, 1, 0, 0, 0, 1, 0, 0, 0, 0, 0, 0, 0]","[0, 0, 0, 0, 1, 0, 1, 1, 0, 0, 0, 0, 0, 0, 0, 0, 1, 0, 0, 1, 0, 0, 1, 0, 0, 0, 0, 0, 1, 1, 0, 1, 0, 0, 0, 0, 0, 0, 0, 0, 0, 0, 0, 0, 0]",0.6444444444444445,0.5187165775401069,0.6444444444444445,0.6225787284610814,0.04761904761904767
5,"[0, 0, 0, 0, 0, 1, 0, 0, 1, 1, 0, 0, 1, 0, 0, 0, 0, 0, 1, 0, 0, 1, 0, 0, 0, 1, 0, 1, 0, 1, 0, 0, 0, 0, 0, 0, 1, 1, 0, 0, 0, 0, 1, 1, 0]","[0, 0, 0, 0, 0, 0, 0, 0, 1, 0, 0, 0, 0, 0, 0, 1, 0, 0, 1, 0, 0, 0, 1, 1, 0, 1, 0, 1, 0, 0, 0, 0, 0, 0, 0, 1, 0, 1, 1, 0, 0, 0, 0, 1, 0]",0.7333333333333333,0.6590909090909092,0.7333333333333333,0.7262626262626264,0.3198992443324937
5,"[0, 0, 0, 0, 0, 0, 1, 0, 1, 0, 0, 0, 0, 0, 0, 0, 1, 1, 1, 0, 0, 0, 0, 1, 1, 0, 1, 0, 0, 0, 0, 0, 1, 1, 0, 0, 0, 0, 0, 0, 0, 1, 1, 1, 0]","[0, 0, 0, 1, 0, 0, 1, 0, 0, 0, 1, 0, 1, 0, 0, 0, 1, 0, 0, 0, 0, 1, 1, 1, 0, 0, 1, 1, 0, 1, 0, 0, 1, 0, 0, 1, 0, 0, 0, 0, 0, 0, 0, 1, 0]",0.6666666666666666,0.6031746031746031,0.6666666666666666,0.6701940035273368,0.2068155111633373
5,"[0, 0, 0, 1, 1, 1, 0, 1, 0, 1, 0, 0, 1, 1, 1, 0, 0, 0, 0, 0, 1, 0, 0, 0, 0, 0, 0, 0, 0, 1, 0, 0, 0, 0, 0, 0, 0, 0, 1, 0, 1, 0, 1, 1, 0]","[0, 0, 0, 0, 0, 0, 0, 0, 0, 0, 0, 0, 0, 0, 0, 0, 0, 0, 0, 0, 0, 0, 0, 0, 0, 0, 0, 0, 0, 0, 0, 0, 0, 0, 0, 0, 0, 0, 0, 0, 0, 0, 0, 0, 0]",0.6888888888888889,0.40789473684210525,0.6888888888888889,0.5619883040935673,0.0
5,"[0, 0, 0, 0, 0, 0, 0, 0, 1, 1, 1, 0, 0, 0, 1, 0, 0, 0, 0, 0, 0, 1, 0, 0, 1, 0, 1, 0, 0, 0, 1, 0, 0, 0, 0, 1, 1, 1, 0, 1, 1, 0, 1, 0, 0]","[0, 0, 0, 0, 0, 0, 0, 0, 1, 0, 0, 0, 0, 0, 0, 0, 1, 0, 0, 0, 0, 0, 0, 0, 0, 0, 0, 0, 0, 0, 0, 0, 0, 0, 0, 0, 1, 0, 0, 0, 1, 0, 0, 0, 0]",0.7333333333333333,0.5833333333333334,0.7333333333333333,0.6777777777777778,0.22636103151862474
5,"[1, 1, 0, 0, 1, 1, 0, 0, 0, 1, 1, 0, 0, 0, 0, 0, 0, 0, 0, 1, 0, 1, 0, 0, 0, 0, 0, 0, 0, 1, 1, 0, 0, 0, 1, 0, 0, 0, 0, 1, 0, 1, 1, 0, 0]","[0, 0, 0, 0, 0, 0, 0, 0, 0, 0, 0, 0, 0, 0, 0, 0, 0, 0, 0, 1, 0, 0, 0, 0, 0, 1, 0, 0, 0, 0, 0, 0, 0, 1, 0, 0, 0, 0, 0, 0, 0, 0, 0, 0, 0]",0.6666666666666666,0.45608380338436744,0.6666666666666666,0.5839376846629063,0.008810572687224627
5,"[0, 0, 0, 0, 0, 0, 0, 1, 1, 1, 0, 0, 1, 0, 0, 1, 1, 0, 0, 1, 0, 1, 0, 0, 0, 0, 1, 0, 0, 0, 0, 0, 0, 0, 1, 1, 0, 0, 0, 0, 0, 0, 1, 0, 1]","[1, 0, 0, 1, 0, 1, 0, 1, 1, 0, 0, 0, 1, 1, 1, 1, 1, 1, 1, 1, 0, 1, 0, 1, 0, 0, 1, 0, 1, 0, 0, 1, 1, 0, 0, 1, 0, 0, 1, 1, 0, 1, 1, 0, 0]",0.6222222222222222,0.6098929117797043,0.6222222222222222,0.6391750240806845,0.26512968299711814
5,"[0, 1, 0, 0, 1, 0, 0, 0, 0, 1, 0, 0, 1, 0, 0, 0, 0, 0, 0, 0, 0, 0, 1, 0, 0, 0, 1, 0, 1, 1, 0, 0, 0, 0, 1, 1, 0, 0, 1, 1, 1, 0, 0, 0, 0]","[1, 0, 0, 1, 0, 0, 0, 1, 0, 0, 0, 0, 0, 0, 0, 0, 0, 0, 1, 0, 0, 0, 0, 0, 0, 0, 0, 0, 1, 1, 0, 0, 0, 0, 0, 0, 0, 0, 0, 0, 0, 0, 0, 0, 0]",0.6666666666666666,0.4996293550778354,0.6666666666666666,0.621695082777366,0.03433476394849799
5,"[0, 1, 0, 0, 1, 0, 0, 0, 1, 0, 0, 0, 0, 0, 0, 0, 0, 0, 1, 1, 1, 0, 0, 0, 0, 0, 0, 1, 0, 0, 1, 0, 0, 0, 1, 1, 0, 1, 0, 0, 0, 1, 0, 0, 1]","[1, 1, 1, 0, 1, 0, 0, 0, 1, 0, 0, 1, 0, 1, 1, 0, 1, 0, 1, 1, 1, 1, 1, 0, 0, 0, 0, 1, 1, 1, 1, 0, 1, 1, 1, 1, 1, 1, 0, 0, 0, 1, 0, 1, 1]",0.6888888888888889,0.685,0.6888888888888889,0.6997777777777778,0.42622950819672123
5,"[0, 0, 0, 0, 0, 1, 0, 1, 0, 0, 0, 0, 0, 0, 0, 0, 0, 0, 1, 0, 0, 1, 0, 0, 1, 1, 0, 0, 0, 1, 0, 1, 1, 0, 0, 0, 1, 1, 0, 1, 1, 0, 0, 0, 0]","[0, 0, 0, 0, 0, 1, 0, 0, 0, 1, 0, 0, 0, 0, 0, 0, 0, 1, 0, 0, 0, 1, 0, 0, 0, 0, 0, 0, 0, 0, 0, 1, 0, 1, 0, 0, 0, 0, 0, 0, 1, 0, 0, 0, 0]",0.7333333333333333,0.6142857142857143,0.7333333333333333,0.7047619047619048,0.24791086350974934
10,"[0, 0, 0, 0, 0, 1, 0, 0, 0, 1, 0, 0, 1, 1, 0, 0, 1, 0, 0, 1, 0, 1, 0, 1, 0, 0, 0, 1, 1, 1, 0, 0, 0, 0, 1, 0, 0, 0, 0, 0]","[0, 0, 0, 0, 0, 0, 1, 0, 0, 0, 0, 0, 0, 1, 0, 0, 1, 0, 0, 0, 0, 0, 0, 1, 0, 0, 0, 0, 1, 1, 0, 0, 0, 0, 1, 0, 0, 0, 0, 0]",0.825,0.7584124245038826,0.825,0.8091458153580673,0.527027027027027
10,"[0, 0, 0, 0, 0, 1, 0, 0, 1, 1, 0, 0, 0, 1, 0, 0, 1, 0, 0, 0, 0, 0, 0, 1, 0, 0, 0, 1, 0, 1, 1, 0, 0, 0, 0, 0, 0, 1, 1, 1]","[0, 0, 0, 0, 0, 1, 0, 0, 1, 0, 0, 0, 0, 1, 1, 0, 1, 0, 0, 0, 1, 0, 1, 1, 0, 0, 0, 0, 0, 0, 1, 0, 0, 1, 0, 0, 0, 0, 0, 0]",0.75,0.6865203761755485,0.75,0.7429467084639498,0.375
10,"[1, 0, 0, 0, 0, 0, 1, 0, 1, 0, 0, 0, 0, 0, 0, 0, 1, 1, 1, 0, 0, 0, 0, 1, 0, 1, 1, 1, 0, 0, 0, 0, 0, 1, 1, 0, 0, 0, 0, 0]","[0, 1, 0, 1, 1, 0, 1, 0, 1, 0, 0, 0, 0, 0, 0, 0, 0, 0, 0, 1, 0, 0, 1, 0, 0, 0, 1, 1, 0, 0, 1, 0, 0, 1, 0, 0, 0, 0, 0, 0]",0.675,0.6033562166285278,0.675,0.670785659801678,0.20731707317073167
10,"[0, 0, 0, 1, 1, 1, 0, 1, 0, 1, 0, 0, 0, 1, 1, 0, 1, 0, 0, 0, 0, 0, 0, 0, 0, 0, 0, 0, 0, 0, 0, 1, 0, 0, 0, 1, 0, 1, 0, 1]","[0, 0, 0, 0, 1, 1, 0, 0, 0, 0, 0, 0, 0, 0, 1, 0, 0, 0, 1, 0, 0, 0, 0, 0, 0, 0, 0, 0, 0, 0, 0, 1, 0, 0, 0, 0, 0, 0, 0, 1]",0.8,0.7132616487455197,0.8,0.7763440860215054,0.4444444444444444
10,"[1, 0, 0, 1, 0, 0, 0, 1, 0, 0, 0, 0, 0, 0, 0, 0, 0, 0, 1, 0, 0, 0, 0, 1, 0, 0, 0, 1, 0, 0, 0, 1, 0, 1, 1, 0, 1, 1, 0, 1]","[1, 0, 0, 0, 0, 0, 0, 1, 1, 0, 1, 0, 0, 1, 0, 0, 0, 0, 1, 0, 0, 1, 0, 0, 0, 0, 0, 0, 0, 0, 0, 0, 0, 1, 1, 0, 1, 1, 0, 1]",0.8,0.7619047619047619,0.8,0.8,0.5238095238095238
10,"[1, 1, 0, 0, 1, 1, 0, 0, 0, 0, 1, 1, 0, 0, 0, 0, 0, 0, 0, 1, 0, 0, 0, 0, 0, 1, 0, 0, 0, 1, 0, 0, 0, 0, 1, 0, 0, 1, 0, 1]","[0, 1, 0, 1, 1, 0, 0, 0, 0, 0, 0, 0, 0, 0, 0, 0, 1, 0, 0, 0, 0, 0, 0, 0, 0, 1, 0, 0, 1, 1, 0, 0, 1, 0, 1, 0, 0, 0, 0, 1]",0.75,0.6865203761755485,0.75,0.7429467084639498,0.375
10,"[0, 0, 0, 0, 0, 1, 1, 0, 0, 1, 1, 0, 1, 0, 0, 0, 1, 1, 0, 0, 0, 0, 0, 0, 0, 0, 0, 0, 1, 1, 1, 0, 0, 0, 1, 0, 0, 0, 0, 1]","[0, 0, 0, 0, 0, 0, 0, 0, 0, 0, 1, 0, 1, 0, 0, 0, 0, 1, 0, 0, 0, 1, 1, 0, 1, 0, 0, 0, 1, 1, 1, 0, 0, 0, 0, 0, 0, 0, 0, 1]",0.8,0.7492163009404389,0.8,0.7943573667711599,0.5
10,"[0, 1, 1, 0, 0, 0, 0, 0, 0, 1, 0, 1, 0, 0, 0, 0, 0, 0, 0, 0, 0, 1, 1, 0, 0, 0, 0, 0, 1, 1, 0, 0, 0, 0, 1, 1, 0, 1, 0, 1]","[0, 1, 0, 1, 0, 0, 0, 0, 0, 0, 1, 1, 0, 0, 0, 0, 0, 0, 0, 0, 0, 0, 0, 0, 0, 0, 0, 0, 0, 0, 0, 0, 0, 0, 1, 0, 0, 0, 0, 0]",0.725,0.5891690009337068,0.725,0.6836601307189543,0.2142857142857143
10,"[0, 0, 1, 1, 0, 0, 0, 0, 1, 0, 0, 0, 0, 1, 0, 0, 0, 0, 1, 0, 1, 0, 0, 0, 0, 0, 1, 0, 0, 1, 0, 1, 0, 1, 1, 0, 1, 0, 0, 0]","[0, 0, 1, 0, 0, 0, 1, 0, 1, 0, 0, 0, 0, 0, 0, 0, 0, 0, 0, 0, 0, 0, 1, 0, 0, 0, 1, 0, 0, 0, 0, 1, 0, 0, 1, 0, 0, 0, 0, 1]",0.75,0.6666666666666667,0.75,0.7333333333333334,0.3421052631578947
10,"[1, 0, 0, 0, 0, 1, 0, 0, 0, 0, 0, 0, 0, 0, 0, 0, 0, 0, 0, 0, 0, 0, 0, 1, 1, 0, 0, 1, 0, 1, 1, 0, 1, 1, 1, 1, 0, 0, 1, 0]","[0, 0, 0, 0, 0, 0, 0, 0, 0, 0, 0, 0, 0, 0, 0, 0, 0, 0, 0, 0, 0, 0, 0, 1, 0, 0, 1, 0, 0, 1, 1, 0, 1, 0, 0, 1, 0, 1, 0, 0]",0.775,0.6893874029335634,0.775,0.754616048317515,0.3918918918918919
15,"[0, 0, 1, 0, 0, 0, 0, 0, 0, 1, 0, 0, 0, 1, 0, 0, 1, 0, 0, 1, 0, 1, 1, 1, 0, 0, 0, 0, 1, 0, 0, 0, 0, 0, 1]","[0, 0, 1, 1, 0, 0, 0, 0, 0, 0, 0, 0, 1, 1, 0, 0, 0, 0, 0, 1, 0, 1, 0, 1, 0, 0, 0, 0, 0, 1, 0, 0, 0, 0, 0]",0.7714285714285715,0.7008547008547008,0.7714285714285715,0.7631257631257632,0.4042553191489362
15,"[1, 1, 0, 0, 0, 0, 0, 0, 0, 1, 0, 0, 0, 1, 0, 0, 1, 0, 0, 0, 1, 0, 0, 0, 1, 0, 1, 0, 0, 0, 1, 0, 0, 0, 1]","[0, 1, 1, 0, 0, 0, 0, 0, 0, 0, 0, 1, 0, 1, 0, 0, 1, 0, 0, 0, 0, 0, 0, 1, 1, 0, 0, 0, 0, 0, 1, 0, 0, 1, 1]",0.7714285714285715,0.72,0.7714285714285715,0.7714285714285715,0.44000000000000006
15,"[1, 0, 0, 1, 0, 1, 0, 0, 1, 1, 0, 0, 0, 0, 0, 0, 0, 0, 0, 0, 0, 0, 0, 0, 1, 1, 1, 0, 1, 0, 0, 1, 0, 0, 0]","[1, 1, 0, 0, 0, 1, 0, 0, 1, 0, 0, 0, 1, 0, 0, 0, 0, 0, 0, 0, 0, 0, 1, 0, 1, 1, 1, 0, 0, 0, 0, 0, 0, 0, 0]",0.8,0.7471620227038184,0.8,0.7966976264189888,0.4948453608247423
15,"[0, 0, 1, 0, 0, 1, 0, 0, 0, 0, 1, 1, 1, 0, 1, 0, 0, 0, 1, 1, 0, 0, 0, 0, 0, 0, 0, 0, 0, 0, 1, 0, 1, 1, 0]","[0, 0, 0, 0, 0, 0, 0, 0, 1, 0, 0, 0, 1, 0, 1, 0, 0, 0, 0, 0, 0, 0, 0, 0, 1, 0, 0, 0, 0, 0, 0, 0, 0, 0, 0]",0.6857142857142857,0.5333333333333333,0.6857142857142857,0.6323809523809525,0.11899313501144149
15,"[1, 1, 0, 1, 0, 0, 0, 0, 0, 0, 0, 0, 1, 0, 0, 0, 0, 1, 0, 0, 1, 0, 1, 0, 0, 1, 1, 0, 0, 0, 0, 0, 1, 1, 0]","[0, 1, 0, 1, 0, 0, 0, 0, 0, 0, 1, 0, 1, 0, 0, 1, 1, 0, 1, 0, 1, 0, 0, 0, 0, 1, 0, 0, 0, 0, 0, 0, 0, 1, 0]",0.7428571428571429,0.6938775510204082,0.7428571428571429,0.7393586005830903,0.38834951456310673
15,"[1, 1, 0, 0, 1, 0, 0, 0, 0, 0, 1, 0, 0, 0, 0, 0, 0, 0, 0, 0, 0, 0, 1, 0, 0, 1, 1, 0, 1, 1, 0, 1, 0, 0, 1]","[0, 1, 0, 0, 1, 0, 0, 0, 0, 0, 0, 0, 1, 0, 0, 1, 1, 1, 0, 0, 0, 1, 0, 0, 0, 0, 1, 1, 1, 0, 0, 1, 0, 0, 1]",0.6857142857142857,0.6438482886216466,0.6857142857142857,0.689203118805339,0.2883548983364139
15,"[0, 0, 1, 0, 0, 1, 1, 0, 0, 0, 1, 0, 1, 0, 1, 0, 1, 0, 0, 0, 0, 0, 0, 0, 0, 0, 0, 0, 1, 0, 1, 0, 0, 0, 1]","[0, 1, 0, 0, 0, 1, 1, 0, 0, 0, 1, 0, 1, 0, 1, 0, 1, 0, 0, 1, 1, 0, 1, 0, 0, 0, 0, 0, 1, 0, 0, 1, 0, 0, 0]",0.7714285714285715,0.7348484848484849,0.7714285714285715,0.7770562770562771,0.4716981132075472
15,"[1, 1, 1, 0, 0, 0, 0, 0, 0, 1, 0, 1, 0, 0, 0, 0, 0, 0, 0, 0, 0, 1, 1, 0, 0, 0, 0, 1, 1, 0, 0, 1, 0, 0, 0]","[0, 1, 0, 0, 0, 0, 0, 1, 0, 1, 0, 0, 0, 0, 0, 0, 0, 0, 0, 0, 0, 1, 0, 0, 0, 0, 0, 0, 1, 0, 0, 0, 0, 0, 0]",0.8,0.703030303030303,0.8,0.7757575757575756,0.4235294117647058
15,"[0, 0, 1, 0, 0, 0, 0, 1, 1, 0, 1, 0, 0, 0, 0, 0, 1, 0, 0, 1, 0, 0, 0, 1, 0, 0, 0, 0, 0, 1, 0, 0, 1, 0, 1]","[0, 0, 1, 0, 0, 1, 0, 1, 0, 0, 0, 0, 0, 0, 0, 0, 0, 0, 0, 0, 0, 0, 0, 1, 0, 0, 0, 0, 0, 0, 1, 0, 1, 1, 0]",0.7428571428571429,0.6503884572697003,0.7428571428571429,0.7274456952592359,0.3076923076923077
15,"[0, 1, 0, 1, 0, 1, 0, 0, 0, 0, 0, 0, 0, 0, 0, 0, 0, 0, 0, 0, 1, 0, 0, 1, 0, 0, 1, 1, 1, 0, 1, 0, 1, 0, 0]","[0, 0, 0, 1, 0, 0, 0, 0, 0, 0, 1, 0, 1, 0, 0, 0, 0, 0, 0, 0, 1, 0, 1, 0, 0, 0, 1, 1, 1, 0, 0, 0, 0, 0, 0]",0.7714285714285715,0.7008547008547008,0.7714285714285715,0.7631257631257632,0.4042553191489362
20,"[1, 0, 1, 0, 0, 0, 1, 0, 0, 1, 0, 0, 0, 1, 0, 0, 0, 0, 0, 0, 1, 1, 0, 0, 0, 1, 0, 0, 1, 0]","[1, 0, 0, 0, 0, 0, 1, 0, 0, 1, 0, 0, 0, 1, 0, 0, 0, 0, 0, 0, 0, 0, 0, 0, 0, 0, 1, 0, 1, 0]",0.8333333333333334,0.7777777777777777,0.8333333333333334,0.8222222222222222,0.5614035087719298
20,"[1, 1, 0, 0, 0, 0, 1, 0, 0, 0, 0, 0, 0, 0, 1, 0, 0, 0, 0, 0, 1, 0, 1, 1, 0, 0, 1, 0, 1, 0]","[0, 1, 0, 0, 1, 0, 1, 0, 0, 0, 1, 0, 0, 0, 1, 0, 0, 1, 0, 0, 1, 0, 0, 1, 0, 0, 0, 0, 1, 0]",0.8,0.7619047619047619,0.8,0.8,0.5238095238095237
20,"[0, 0, 1, 0, 0, 0, 0, 0, 1, 0, 0, 0, 0, 0, 1, 1, 1, 0, 0, 0, 0, 0, 1, 1, 0, 0, 0, 0, 1, 1]","[0, 0, 1, 0, 0, 0, 0, 0, 1, 1, 0, 0, 0, 1, 0, 0, 0, 0, 0, 0, 0, 0, 0, 0, 0, 0, 0, 0, 0, 1]",0.7333333333333333,0.6273291925465838,0.7333333333333333,0.706832298136646,0.2727272727272727
20,"[0, 0, 1, 0, 1, 0, 1, 0, 0, 0, 0, 0, 0, 1, 0, 0, 1, 0, 0, 0, 0, 1, 0, 0, 0, 0, 1, 1, 1, 0]","[0, 0, 0, 0, 1, 0, 0, 0, 1, 0, 0, 0, 0, 0, 0, 0, 1, 0, 0, 0, 0, 1, 1, 1, 0, 0, 0, 1, 1, 1]",0.7333333333333333,0.6825396825396826,0.7333333333333333,0.7333333333333333,0.3650793650793651
20,"[1, 1, 0, 0, 0, 0, 0, 0, 0, 0, 0, 0, 1, 1, 0, 1, 0, 0, 0, 0, 1, 0, 1, 1, 0, 1, 0, 0, 0, 0]","[0, 1, 0, 0, 0, 0, 0, 1, 0, 0, 1, 0, 0, 0, 0, 1, 0, 0, 0, 0, 1, 0, 1, 1, 0, 0, 1, 0, 0, 1]",0.7333333333333333,0.6825396825396826,0.7333333333333333,0.7333333333333333,0.3650793650793651
20,"[0, 1, 0, 0, 1, 1, 0, 0, 0, 0, 0, 1, 0, 0, 0, 1, 0, 0, 0, 0, 0, 0, 1, 0, 1, 0, 0, 1, 0, 1]","[0, 0, 0, 0, 0, 1, 0, 0, 0, 0, 0, 1, 0, 0, 1, 0, 0, 0, 0, 1, 1, 0, 1, 0, 1, 0, 0, 1, 0, 1]",0.8,0.7619047619047619,0.8,0.8,0.5238095238095237
20,"[0, 0, 0, 1, 0, 0, 0, 1, 0, 0, 0, 0, 1, 1, 0, 1, 0, 1, 0, 0, 0, 1, 0, 0, 1, 0, 0, 0, 0, 1]","[0, 0, 0, 1, 0, 0, 0, 0, 0, 0, 0, 0, 1, 1, 0, 1, 0, 1, 0, 0, 1, 0, 0, 0, 0, 1, 0, 0, 1, 0]",0.7666666666666667,0.7127222982216143,0.7666666666666667,0.762517099863201,0.42622950819672123
20,"[1, 1, 1, 0, 0, 0, 0, 0, 0, 0, 1, 0, 0, 1, 1, 0, 0, 0, 0, 1, 0, 0, 0, 0, 0, 1, 0, 0, 0, 1]","[0, 0, 0, 0, 0, 0, 0, 0, 0, 0, 1, 0, 0, 0, 1, 0, 0, 0, 0, 0, 0, 0, 0, 0, 0, 1, 0, 0, 0, 0]",0.8,0.6875,0.8,0.7625,0.4117647058823529
20,"[0, 0, 1, 0, 0, 1, 0, 0, 1, 0, 1, 0, 0, 1, 0, 1, 1, 0, 1, 0, 0, 1, 0, 0, 0, 0, 0, 0, 0, 0]","[0, 0, 0, 0, 0, 1, 0, 0, 0, 0, 0, 0, 0, 0, 0, 1, 1, 1, 1, 0, 1, 0, 0, 0, 0, 0, 0, 1, 0, 1]",0.7,0.6306429548563611,0.7,0.6946648426812584,0.2622950819672131
20,"[1, 1, 0, 0, 0, 0, 0, 0, 0, 0, 0, 0, 0, 0, 1, 0, 0, 1, 0, 0, 1, 1, 0, 0, 1, 0, 0, 1, 1, 0]","[1, 0, 0, 0, 0, 0, 0, 0, 0, 0, 0, 0, 0, 0, 1, 0, 0, 1, 0, 0, 1, 1, 1, 0, 0, 0, 0, 0, 0, 0]",0.8333333333333334,0.7777777777777777,0.8333333333333334,0.8222222222222222,0.5614035087719298
25,"[1, 0, 0, 0, 1, 0, 1, 1, 0, 1, 0, 0, 0, 1, 0, 1, 0, 0, 0, 0, 0, 0, 0, 0, 0]","[0, 0, 0, 0, 1, 1, 0, 1, 0, 0, 0, 0, 0, 0, 0, 1, 0, 0, 1, 0, 0, 0, 0, 0, 0]",0.76,0.6710526315789473,0.76,0.7463157894736842,0.34782608695652173
25,"[0, 1, 0, 0, 0, 1, 0, 0, 1, 0, 0, 0, 0, 0, 0, 0, 0, 0, 0, 1, 0, 1, 1, 1, 0]","[1, 0, 0, 0, 1, 1, 0, 0, 0, 0, 0, 1, 0, 0, 0, 0, 0, 0, 0, 0, 0, 1, 1, 0, 0]",0.72,0.6361746361746362,0.72,0.7130145530145531,0.27385892116182575
25,"[0, 0, 0, 1, 1, 0, 0, 1, 0, 0, 0, 0, 0, 0, 0, 1, 1, 1, 1, 0, 0, 0, 0, 0, 0]","[0, 0, 0, 1, 0, 0, 0, 1, 0, 0, 1, 0, 0, 0, 0, 0, 1, 1, 1, 0, 0, 0, 0, 0, 0]",0.88,0.8440748440748441,0.88,0.877006237006237,0.6887966804979253
25,"[0, 0, 1, 0, 0, 0, 0, 0, 0, 0, 0, 0, 0, 0, 1, 1, 0, 0, 1, 1, 0, 1, 1, 0, 1]","[0, 0, 0, 0, 1, 0, 0, 0, 0, 0, 0, 0, 0, 0, 0, 0, 0, 0, 0, 1, 0, 0, 1, 0, 0]",0.72,0.592074592074592,0.72,0.6743123543123544,0.2290748898678414
25,"[0, 1, 0, 0, 0, 0, 0, 0, 0, 0, 1, 1, 1, 1, 0, 1, 0, 0, 1, 0, 0, 0, 0, 1, 0]","[1, 1, 1, 0, 0, 1, 1, 0, 0, 0, 0, 1, 0, 1, 0, 0, 0, 0, 1, 0, 0, 0, 0, 1, 0]",0.72,0.6880570409982174,0.72,0.7239928698752227,0.37722419928825623
25,"[0, 0, 0, 0, 0, 0, 0, 0, 0, 0, 1, 0, 0, 0, 1, 0, 1, 0, 0, 1, 1, 1, 1, 1, 0]","[0, 1, 0, 0, 0, 1, 1, 0, 0, 0, 0, 0, 0, 0, 1, 0, 0, 0, 1, 0, 1, 1, 0, 1, 0]",0.68,0.6323529411764706,0.68,0.68,0.26470588235294124
25,"[0, 0, 0, 0, 0, 0, 0, 0, 0, 1, 1, 0, 1, 0, 1, 1, 0, 0, 0, 0, 1, 0, 0, 0, 1]","[0, 0, 0, 0, 1, 0, 0, 1, 1, 0, 1, 0, 1, 0, 1, 1, 0, 0, 0, 0, 0, 0, 0, 0, 1]",0.8,0.7619047619047619,0.8,0.8038095238095238,0.5247148288973384
25,"[1, 1, 0, 0, 0, 1, 1, 0, 0, 0, 0, 0, 0, 1, 1, 0, 0, 0, 0, 0, 0, 1, 0, 0, 0]","[0, 0, 0, 0, 0, 1, 0, 0, 0, 0, 0, 0, 0, 1, 1, 0, 0, 0, 0, 0, 0, 0, 0, 0, 0]",0.84,0.75,0.84,0.816,0.5192307692307693
25,"[0, 0, 0, 0, 0, 0, 0, 1, 0, 0, 0, 0, 1, 1, 1, 0, 0, 0, 0, 1, 0, 1, 0, 0, 1]","[0, 0, 0, 0, 1, 1, 0, 0, 0, 0, 0, 0, 1, 1, 1, 1, 0, 0, 0, 0, 0, 1, 1, 0, 0]",0.72,0.6666666666666667,0.72,0.7253333333333333,0.33460076045627374
25,"[1, 1, 0, 1, 0, 0, 0, 0, 0, 0, 0, 0, 1, 0, 0, 0, 1, 0, 0, 0, 0, 1, 0, 0, 1]","[0, 0, 0, 1, 0, 0, 0, 0, 0, 0, 0, 0, 0, 0, 0, 0, 1, 1, 0, 0, 0, 0, 0, 0, 1]",0.8,0.7086247086247086,0.8,0.7804195804195804,0.4292237442922374
30,"[0, 0, 0, 1, 1, 1, 0, 1, 0, 0, 0, 0, 0, 1, 0, 0, 0, 0, 0, 1]","[0, 0, 0, 1, 0, 0, 0, 0, 0, 0, 0, 0, 0, 1, 0, 0, 0, 0, 0, 0]",0.8,0.6875,0.8,0.7625,0.41176470588235303
30,"[0, 1, 0, 0, 1, 1, 0, 0, 1, 0, 0, 0, 0, 0, 1, 0, 0, 0, 0, 1]","[0, 1, 0, 0, 1, 0, 0, 0, 0, 0, 0, 1, 0, 0, 1, 0, 0, 0, 0, 1]",0.85,0.8119122257053292,0.85,0.8457680250783699,0.625
30,"[1, 0, 1, 0, 1, 0, 1, 1, 0, 0, 0, 0, 0, 0, 1, 0, 0, 0, 0, 0]","[0, 0, 1, 0, 0, 0, 1, 1, 0, 0, 0, 0, 0, 0, 1, 0, 0, 0, 0, 0]",0.9,0.8666666666666667,0.9,0.8933333333333333,0.736842105263158
30,"[0, 0, 0, 0, 0, 0, 1, 0, 1, 0, 1, 0, 0, 1, 0, 0, 0, 1, 1, 0]","[0, 0, 1, 0, 0, 0, 0, 0, 1, 1, 0, 0, 0, 0, 0, 0, 0, 1, 0, 1]",0.65,0.561128526645768,0.65,0.6401253918495298,0.125
30,"[0, 0, 0, 0, 0, 0, 1, 0, 0, 0, 1, 0, 0, 1, 0, 1, 1, 0, 1, 0]","[0, 0, 1, 0, 0, 1, 1, 0, 0, 0, 1, 1, 0, 0, 0, 1, 0, 0, 1, 0]",0.75,0.7150997150997151,0.75,0.7549857549857549,0.4318181818181819
30,"[0, 0, 1, 0, 0, 1, 0, 0, 0, 1, 0, 0, 0, 1, 0, 1, 0, 0, 1, 0]","[0, 0, 1, 1, 0, 0, 0, 0, 0, 0, 0, 0, 0, 1, 0, 0, 0, 0, 1, 0]",0.8,0.7333333333333334,0.8,0.7866666666666666,0.4736842105263158
30,"[0, 0, 0, 1, 0, 0, 0, 1, 0, 0, 1, 1, 0, 0, 0, 1, 0, 1, 0, 0]","[0, 0, 0, 1, 0, 0, 0, 1, 0, 0, 0, 1, 1, 0, 0, 0, 0, 0, 0, 0]",0.8,0.7333333333333334,0.8,0.7866666666666666,0.4736842105263158
30,"[0, 0, 0, 0, 1, 1, 0, 0, 0, 0, 1, 1, 1, 0, 0, 0, 0, 1, 0, 0]","[0, 0, 1, 0, 0, 0, 0, 0, 0, 0, 1, 1, 0, 0, 0, 0, 0, 1, 0, 0]",0.8,0.7333333333333334,0.8,0.7866666666666666,0.4736842105263158
30,"[1, 0, 0, 1, 1, 0, 0, 0, 0, 0, 1, 1, 0, 0, 1, 0, 0, 0, 0, 0]","[1, 0, 0, 0, 0, 0, 0, 0, 1, 1, 0, 1, 0, 0, 1, 0, 0, 0, 1, 0]",0.7,0.6428571428571428,0.7,0.7,0.2857142857142857
30,"[1, 0, 0, 0, 0, 1, 1, 0, 1, 0, 1, 0, 0, 0, 1, 0, 0, 0, 0, 0]","[1, 0, 0, 0, 1, 0, 1, 0, 0, 0, 0, 0, 1, 0, 0, 0, 0, 0, 0, 0]",0.7,0.6000000000000001,0.7,0.68,0.21052631578947367
35,"[0, 0, 0, 1, 1, 0, 0, 0, 0, 1, 0, 0, 0, 0, 1]","[0, 0, 0, 0, 0, 0, 0, 0, 0, 0, 0, 0, 0, 0, 0]",0.7333333333333333,0.4230769230769231,0.7333333333333333,0.6205128205128205,0.0
35,"[0, 0, 0, 0, 0, 1, 1, 0, 0, 0, 0, 0, 1, 1, 0]","[1, 0, 0, 1, 0, 1, 1, 0, 0, 0, 0, 0, 0, 1, 0]",0.8,0.7619047619047619,0.8,0.8063492063492064,0.5263157894736842
35,"[1, 0, 1, 0, 0, 1, 0, 0, 1, 0, 0, 0, 0, 0, 0]","[1, 0, 1, 0, 0, 0, 0, 0, 1, 0, 0, 0, 0, 0, 0]",0.9333333333333333,0.9068322981366459,0.9333333333333333,0.9300207039337475,0.8148148148148149
35,"[0, 0, 1, 0, 0, 1, 0, 1, 0, 0, 0, 1, 0, 1, 0]","[0, 0, 0, 0, 0, 1, 0, 1, 0, 0, 0, 0, 0, 0, 0]",0.8,0.7204968944099379,0.8,0.7701863354037267,0.47058823529411764
35,"[0, 0, 1, 0, 0, 1, 0, 0, 0, 1, 0, 1, 0, 0, 1]","[0, 0, 0, 1, 1, 1, 0, 0, 0, 0, 1, 1, 0, 0, 1]",0.6666666666666666,0.6411483253588517,0.6666666666666666,0.6730462519936203,0.2857142857142857
35,"[0, 0, 0, 0, 0, 0, 1, 1, 0, 0, 1, 0, 1, 1, 0]","[0, 0, 0, 1, 0, 0, 0, 0, 0, 0, 0, 0, 1, 1, 1]",0.6666666666666666,0.6031746031746031,0.6666666666666666,0.6560846560846562,0.21052631578947367
35,"[0, 1, 0, 0, 1, 0, 0, 0, 0, 1, 1, 0, 0, 0, 0]","[0, 1, 0, 0, 1, 0, 0, 1, 0, 1, 0, 0, 0, 0, 0]",0.8666666666666667,0.8295454545454546,0.8666666666666667,0.8666666666666667,0.6590909090909091
35,"[0, 0, 1, 0, 0, 0, 1, 0, 0, 0, 0, 0, 1, 0, 1]","[0, 0, 1, 0, 0, 0, 1, 0, 0, 0, 1, 0, 1, 1, 0]",0.8,0.7619047619047619,0.8,0.8063492063492064,0.5263157894736842
35,"[0, 1, 0, 0, 0, 0, 0, 0, 0, 0, 0, 0, 1, 1, 1]","[0, 0, 1, 0, 1, 1, 0, 0, 0, 1, 0, 0, 1, 1, 1]",0.6666666666666666,0.6411483253588517,0.6666666666666666,0.6858054226475279,0.3119266055045873
35,"[0, 0, 1, 0, 0, 1, 1, 0, 0, 0, 0, 1, 0, 0, 0]","[0, 0, 0, 0, 0, 0, 1, 0, 1, 0, 0, 0, 0, 0, 0]",0.7333333333333333,0.5833333333333334,0.7333333333333333,0.7000000000000001,0.18918918918918926
40,"[0, 0, 1, 0, 0, 1, 1, 0, 0, 0]","[0, 0, 0, 0, 0, 0, 0, 0, 0, 1]",0.6,0.375,0.6,0.525,-0.17647058823529393
40,"[1, 0, 0, 0, 0, 0, 1, 0, 0, 1]","[1, 0, 0, 1, 0, 0, 1, 0, 0, 0]",0.8,0.7619047619047619,0.8,0.8,0.5238095238095238
40,"[0, 0, 1, 1, 0, 0, 0, 0, 1, 0]","[0, 0, 1, 0, 0, 0, 0, 0, 1, 0]",0.9,0.8666666666666667,0.9,0.8933333333333333,0.736842105263158
40,"[0, 0, 1, 0, 0, 0, 1, 0, 0, 1]","[0, 0, 0, 0, 0, 0, 1, 0, 1, 0]",0.7,0.6000000000000001,0.7,0.68,0.21052631578947367
40,"[1, 0, 0, 0, 0, 0, 1, 1, 0, 0]","[1, 0, 1, 0, 0, 0, 1, 1, 1, 1]",0.7,0.696969696969697,0.7,0.7090909090909091,0.44444444444444453
40,"[0, 0, 0, 0, 1, 0, 0, 0, 1, 1]","[0, 0, 0, 0, 1, 0, 1, 0, 0, 1]",0.8,0.7619047619047619,0.8,0.8,0.5238095238095238
40,"[1, 0, 0, 1, 0, 0, 1, 0, 0, 0]","[1, 0, 0, 1, 0, 0, 1, 0, 0, 0]",1.0,1.0,1.0,1.0,1.0
40,"[1, 0, 1, 0, 0, 0, 0, 0, 0, 1]","[1, 0, 1, 0, 0, 1, 0, 0, 0, 1]",0.9,0.8901098901098901,0.9,0.9032967032967033,0.7826086956521738
40,"[1, 0, 0, 0, 1, 0, 0, 0, 1, 0]","[1, 0, 1, 0, 1, 1, 0, 0, 1, 0]",0.8,0.7916666666666667,0.8,0.8083333333333333,0.6
40,"[0, 0, 1, 0, 1, 0, 0, 0, 0, 1]","[0, 0, 1, 0, 0, 1, 0, 0, 1, 0]",0.6,0.5238095238095238,0.6,0.6,0.04761904761904767
45,"[0, 0, 0, 1, 0]","[1, 0, 0, 0, 0]",0.6,0.375,0.6,0.6,-0.25
45,"[0, 0, 0, 0, 1]","[1, 0, 0, 0, 1]",0.8,0.7619047619047619,0.8,0.819047619047619,0.5454545454545454
45,"[0, 1, 0, 0, 0]","[0, 0, 0, 0, 0]",0.8,0.4444444444444444,0.8,0.711111111111111,0.0
45,"[0, 0, 0, 1, 0]","[0, 0, 0, 0, 1]",0.6,0.375,0.6,0.6,-0.25
45,"[0, 0, 0, 1, 0]","[1, 0, 1, 1, 0]",0.6,0.5833333333333333,0.6,0.6333333333333333,0.2857142857142857
45,"[0, 0, 1, 0, 0]","[1, 0, 1, 0, 0]",0.8,0.7619047619047619,0.8,0.819047619047619,0.5454545454545454
45,"[0, 0, 1, 0, 0]","[0, 0, 1, 0, 0]",1.0,1.0,1.0,1.0,1.0
45,"[0, 0, 0, 1, 0]","[0, 1, 0, 1, 1]",0.6,0.5833333333333333,0.6,0.6333333333333333,0.2857142857142857
45,"[0, 0, 0, 0, 1]","[0, 0, 1, 0, 1]",0.8,0.7619047619047619,0.8,0.819047619047619,0.5454545454545454
45,"[0, 0, 0, 0, 1]","[0, 1, 0, 0, 0]",0.6,0.375,0.6,0.6,-0.25
