train_size,y_true,y_pred,mae,rmse,r2
600,"[56, 44, 36, 8, 96, 20, 55, 36, 87, 75, 100, 72, 33, 43, 16, 29, 75, 13, 48, 87, 8, 39, 39, 33, 80, 15, 16, 8, 55, 40, 24, 29, 40, 87, 18, 96, 72, 51, 72, 13, 13, 10, 25, 93, 16, 24, 24, 55, 33, 6, 8, 84, 36, 55, 59, 35, 48, 32, 71, 64, 96, 35, 49, 80, 6, 48, 87, 70, 40, 56, 10, 29, 36, 14, 51, 98, 95, 16, 84, 72, 25, 33, 40, 96, 64, 85, 51, 63, 57, 43, 81, 98, 54, 64, 83, 85, 51, 48, 55, 50]","[51.782, 40.204, 52.284, 10.306, 79.314, 26.286, 70.39, 46.404, 72.492, 66.852, 59.406, 81.324, 33.342, 43.16, 20.316, 29.174, 63.124, 12.994, 51.976, 80.36, 10.652, 38.532, 39.644, 42.68, 80.658, 14.902, 18.316, 9.316, 71.254, 42.57, 24.444, 29.362, 43.066, 68.022, 20.408, 80.628, 78.926, 35.886, 77.814, 11.512, 27.816, 13.63, 19.93, 76.064, 14.662, 23.934, 19.84, 54.15, 61.2, 7.06, 10.782, 79.918, 43.152, 56.096, 51.102, 37.998, 61.266, 28.488, 60.136, 65.966, 78.498, 34.006, 51.208, 61.458, 9.14, 50.282, 80.466, 59.888, 40.912, 62.676, 13.546, 32.698, 42.034, 14.318, 46.24, 89.044, 74.726, 12.61, 76.256, 72.116, 22.798, 43.99, 61.446, 82.446, 69.564, 64.232, 43.25, 66.646, 80.726, 47.844, 68.68, 74.172, 54.482, 59.624, 78.666, 75.608, 40.64, 58.312, 46.664, 57.758]",7.4753,10.445617230207125,0.8526621404036545
600,"[20, 57, 39, 64, 28, 95, 28, 7, 60, 23, 9, 63, 85, 27, 51, 27, 49, 19, 25, 7, 71, 59, 50, 48, 18, 29, 64, 25, 16, 16, 43, 72, 28, 24, 98, 7, 48, 60, 100, 19, 50, 24, 85, 83, 96, 24, 36, 39, 24, 75, 19, 32, 40, 63, 84, 48, 72, 75, 96, 48, 24, 36, 16, 6, 55, 54, 55, 96, 64, 39, 96, 19, 55, 72, 93, 10, 72, 85, 84, 84, 8, 64, 60, 96, 54, 56, 83, 40, 32, 16, 43, 87, 71, 6, 6, 30, 24, 8, 72, 59]","[17.83, 70.072, 36.68, 57.28, 27.05, 65.076, 22.076, 13.63, 68.148, 21.244, 12.052, 57.186, 81.292, 38.316, 48.85, 26.448, 51.606, 18.536, 20.884, 13.296, 59.696, 49.6, 60.282, 53.168, 18.228, 36.34, 70.15, 36.718, 34.644, 21.446, 44.922, 71.954, 23.692, 35.292, 68.444, 14.25, 51.24, 65.09, 60.448, 24.324, 60.604, 35.13, 65.64, 72.532, 70.2, 19.072, 56.648, 41.628, 30.63, 69.506, 36.824, 44.868, 44.752, 77.922, 61.532, 66.762, 67.154, 66.18, 82.874, 58.73, 20.904, 34.89, 18.16, 6.376, 48.866, 58.49, 61.422, 64.652, 65.302, 37.54, 70.844, 28.658, 55.028, 67.848, 64.292, 12.006, 60.198, 83.666, 80.788, 68.818, 9.644, 63.552, 63.174, 80.484, 48.086, 60.7, 79.304, 49.83, 26.006, 16.97, 42.236, 67.704, 49.514, 6.514, 13.524, 42.246, 17.362, 10.81, 79.018, 54.092]",8.519820000000003,11.728432364131193,0.8180873724668092
600,"[24, 57, 9, 85, 100, 29, 16, 40, 83, 27, 57, 51, 96, 55, 63, 89, 63, 87, 23, 23, 70, 25, 7, 84, 18, 84, 28, 85, 89, 6, 64, 18, 87, 96, 33, 24, 19, 16, 80, 36, 40, 32, 8, 84, 35, 25, 96, 40, 72, 35, 49, 16, 48, 24, 80, 71, 35, 80, 70, 51, 60, 80, 19, 96, 43, 19, 96, 56, 36, 12, 48, 36, 36, 87, 57, 57, 84, 51, 80, 57, 16, 40, 51, 32, 50, 98, 48, 14, 12, 16, 16, 7, 81, 54, 35, 13, 27, 50, 7, 98]","[39.158, 55.17, 11.276, 71.928, 84.498, 29.148, 19.22, 45.85, 72.324, 42.626, 61.332, 47.524, 59.652, 57.846, 75.908, 71.234, 69.268, 78.3, 40.192, 22.422, 75.544, 55.384, 17.916, 68.54, 24.704, 66.364, 22.092, 80.39, 77.454, 6.794, 59.204, 33.618, 80.674, 74.832, 35.994, 42.228, 19.238, 24.958, 66.774, 42.288, 36.348, 27.56, 9.54, 57.394, 46.37, 34.738, 69.132, 46.676, 63.208, 34.166, 54.09, 13.748, 44.118, 19.564, 63.86, 64.544, 35.002, 70.222, 67.124, 43.806, 81.994, 68.198, 20.174, 63.692, 41.438, 16.022, 85.784, 61.416, 30.854, 12.61, 62.236, 52.242, 34.228, 70.122, 47.738, 48.586, 68.716, 42.908, 69.672, 62.002, 25.96, 45.196, 52.714, 22.594, 56.374, 58.742, 49.32, 20.51, 14.178, 18.532, 21.066, 6.916, 81.742, 58.876, 39.098, 16.72, 38.004, 64.382, 12.742, 82.304]",9.0831,12.089073706450796,0.8155158297752446
600,"[7, 57, 80, 48, 48, 50, 48, 39, 42, 18, 72, 60, 63, 54, 85, 50, 81, 43, 96, 72, 55, 48, 100, 80, 48, 84, 19, 60, 84, 50, 25, 10, 72, 55, 80, 14, 18, 57, 85, 7, 95, 48, 87, 50, 59, 80, 13, 71, 93, 72, 43, 64, 32, 13, 43, 87, 51, 54, 48, 29, 48, 30, 85, 49, 57, 14, 28, 96, 70, 50, 64, 87, 64, 33, 48, 33, 43, 55, 42, 100, 72, 60, 85, 6, 18, 64, 35, 28, 27, 7, 27, 57, 36, 80, 16, 18, 56, 43, 20, 32]","[6.572, 43.166, 70.594, 45.56, 49.264, 57.988, 46.342, 39.026, 44.582, 24.104, 63.0, 72.19, 74.182, 50.452, 65.472, 61.99, 67.898, 42.02, 57.398, 71.104, 54.276, 56.412, 72.354, 61.81, 57.282, 89.944, 16.852, 73.194, 77.49, 64.11, 39.94, 12.106, 77.758, 53.718, 65.57, 16.796, 33.848, 62.384, 52.694, 7.962, 67.658, 44.384, 71.618, 64.612, 48.778, 82.61, 12.592, 45.002, 72.578, 74.418, 41.676, 58.726, 47.624, 12.816, 52.582, 80.594, 47.898, 69.618, 59.116, 28.228, 50.474, 37.004, 70.7, 48.046, 65.366, 15.34, 27.718, 79.346, 75.75, 59.586, 55.47, 77.898, 54.186, 35.552, 46.712, 40.568, 45.288, 69.636, 42.762, 61.666, 72.666, 68.282, 71.554, 8.886, 18.018, 57.882, 35.394, 25.938, 29.686, 13.606, 29.904, 68.416, 49.632, 65.016, 22.546, 21.014, 52.592, 52.812, 14.146, 36.666]",8.41736,11.631020598382586,0.7807323870573721
600,"[16, 29, 15, 40, 43, 18, 33, 96, 64, 80, 87, 30, 16, 60, 35, 85, 51, 18, 30, 63, 18, 85, 20, 48, 8, 30, 40, 84, 36, 13, 64, 59, 72, 81, 51, 59, 27, 16, 96, 19, 48, 7, 32, 100, 30, 98, 19, 70, 100, 40, 19, 56, 96, 70, 57, 81, 13, 84, 54, 32, 10, 59, 80, 40, 10, 48, 42, 12, 81, 80, 27, 93, 95, 48, 49, 96, 50, 10, 14, 6, 63, 63, 27, 57, 85, 55, 59, 33, 36, 48, 50, 24, 55, 81, 85, 33, 100, 48, 12, 84]","[23.166, 35.414, 14.646, 59.83, 45.888, 21.642, 37.012, 67.876, 53.64, 75.742, 79.186, 37.48, 21.06, 57.178, 40.37, 68.31, 54.792, 17.484, 36.674, 69.204, 19.244, 70.672, 21.08, 55.7, 12.218, 35.236, 53.006, 87.26, 43.256, 13.3, 55.94, 64.738, 84.29, 71.34, 43.152, 49.236, 28.344, 20.108, 67.372, 21.432, 50.88, 7.364, 37.32, 63.896, 33.642, 72.028, 17.978, 70.77, 68.314, 41.918, 28.242, 52.83, 71.926, 76.078, 64.544, 83.436, 13.17, 64.408, 54.73, 46.906, 17.502, 51.076, 72.114, 60.112, 16.956, 42.932, 47.318, 13.598, 62.372, 73.28, 25.868, 75.42, 76.418, 47.37, 50.892, 74.302, 64.834, 12.28, 16.584, 6.422, 64.248, 70.504, 29.43, 66.916, 68.588, 60.018, 64.69, 35.3, 37.898, 61.054, 64.384, 25.328, 53.866, 67.33, 68.942, 40.058, 74.142, 55.68, 9.314, 67.822]",8.3544,11.453131917514964,0.829696473362321
600,"[6, 51, 64, 96, 29, 18, 100, 72, 70, 64, 72, 71, 19, 16, 84, 60, 96, 24, 16, 72, 15, 70, 35, 15, 35, 27, 56, 32, 55, 84, 13, 30, 42, 64, 24, 51, 12, 80, 27, 36, 16, 84, 90, 32, 48, 93, 84, 51, 48, 30, 54, 85, 96, 56, 63, 63, 48, 19, 23, 30, 84, 7, 85, 50, 93, 12, 23, 33, 24, 96, 44, 56, 7, 25, 9, 19, 100, 12, 18, 28, 39, 20, 96, 23, 49, 64, 24, 19, 16, 40, 19, 80, 42, 100, 32, 55, 13, 7, 72, 28]","[15.134, 51.944, 61.752, 74.078, 28.722, 15.138, 73.67, 72.04, 64.042, 75.21, 71.044, 67.23, 28.992, 15.98, 72.05, 73.94, 76.236, 21.624, 14.856, 71.642, 12.616, 69.39, 40.482, 13.152, 41.458, 34.052, 55.742, 24.244, 64.276, 59.37, 12.602, 36.798, 42.018, 61.862, 32.776, 50.992, 11.434, 69.782, 33.84, 40.714, 17.08, 69.224, 64.846, 26.422, 63.596, 78.846, 74.418, 45.77, 50.744, 39.03, 51.388, 79.03, 67.294, 53.042, 69.25, 63.72, 46.072, 25.426, 21.7, 32.76, 72.722, 10.574, 81.898, 56.796, 78.114, 14.916, 25.498, 42.082, 19.986, 70.144, 55.498, 55.074, 16.288, 26.65, 20.484, 18.122, 65.69, 13.848, 22.722, 25.332, 38.134, 17.054, 71.38, 24.43, 43.318, 72.508, 28.258, 20.694, 14.304, 41.914, 30.54, 80.924, 43.262, 68.41, 27.206, 55.31, 12.466, 9.77, 70.764, 21.24]",6.92586,10.34305384497248,0.8654399022220534
600,"[100, 96, 13, 59, 7, 48, 27, 87, 28, 100, 40, 59, 57, 98, 20, 35, 24, 24, 63, 23, 95, 55, 9, 50, 15, 42, 36, 96, 83, 80, 87, 36, 6, 48, 63, 12, 56, 81, 13, 80, 54, 30, 9, 98, 93, 54, 16, 54, 32, 48, 16, 48, 19, 71, 72, 63, 23, 8, 90, 72, 43, 28, 24, 20, 48, 30, 71, 80, 93, 59, 64, 16, 63, 7, 51, 6, 29, 72, 40, 75, 36, 6, 6, 72, 42, 56, 55, 32, 54, 24, 18, 83, 80, 57, 24, 13, 70, 19, 40, 87]","[69.312, 84.734, 13.296, 54.856, 13.138, 61.048, 32.98, 80.906, 21.302, 72.56, 45.524, 59.47, 73.176, 67.944, 16.5, 53.36, 25.416, 27.026, 63.548, 42.924, 74.096, 55.924, 11.962, 59.946, 14.346, 35.926, 48.474, 70.222, 75.226, 67.974, 54.894, 37.826, 6.602, 56.124, 79.356, 11.256, 54.44, 81.722, 12.26, 67.246, 55.654, 34.904, 12.054, 62.758, 61.43, 55.636, 20.21, 54.64, 40.668, 55.016, 17.024, 52.212, 19.13, 58.606, 73.938, 68.89, 24.454, 9.572, 68.42, 78.494, 47.03, 23.418, 26.528, 16.608, 61.896, 35.1, 59.726, 76.884, 70.724, 50.926, 55.604, 16.836, 73.148, 6.646, 68.832, 12.06, 31.568, 60.176, 47.642, 73.584, 39.208, 6.406, 7.54, 67.626, 45.41, 57.984, 61.87, 22.132, 56.202, 22.138, 20.81, 79.64, 76.324, 75.42, 26.792, 14.022, 67.782, 29.598, 47.724, 67.356]",7.94456,11.513652157330444,0.8300416446361986
600,"[39, 49, 93, 64, 27, 64, 60, 13, 85, 89, 63, 27, 63, 95, 25, 96, 9, 95, 24, 16, 6, 75, 40, 16, 48, 93, 39, 6, 90, 42, 40, 70, 85, 48, 89, 96, 24, 57, 60, 72, 6, 80, 19, 19, 87, 36, 32, 28, 18, 30, 80, 60, 85, 14, 49, 14, 13, 96, 43, 72, 35, 7, 63, 36, 33, 42, 80, 89, 32, 51, 56, 12, 100, 33, 24, 20, 93, 6, 19, 96, 72, 7, 19, 19, 24, 24, 57, 12, 60, 12, 32, 56, 18, 55, 12, 16, 72, 71, 32, 19]","[37.784, 49.622, 74.308, 63.252, 31.76, 54.174, 65.784, 14.008, 79.076, 81.54, 67.844, 35.856, 69.07, 71.848, 42.598, 78.288, 15.446, 80.714, 24.172, 19.84, 13.264, 75.488, 44.04, 20.816, 56.554, 66.648, 39.774, 11.678, 66.566, 43.502, 46.58, 65.92, 73.216, 49.828, 69.972, 74.976, 28.598, 68.906, 79.118, 77.032, 12.172, 65.932, 22.938, 17.648, 76.082, 46.702, 22.954, 29.346, 18.032, 36.398, 77.028, 66.122, 79.562, 15.29, 54.528, 17.748, 14.976, 76.104, 51.412, 72.482, 43.944, 7.034, 70.2, 32.57, 47.058, 45.924, 64.548, 67.674, 28.88, 42.048, 53.73, 15.138, 64.35, 47.474, 26.142, 17.06, 78.762, 7.678, 28.004, 64.5, 75.126, 13.094, 17.272, 31.056, 40.286, 25.272, 54.666, 9.792, 70.162, 11.398, 45.884, 55.166, 19.296, 61.72, 15.316, 19.494, 77.116, 56.874, 19.638, 18.368]",7.878539999999998,10.728336857127482,0.8627765989208567
600,"[90, 48, 87, 57, 16, 13, 12, 87, 9, 80, 32, 7, 24, 15, 98, 36, 15, 7, 33, 64, 27, 19, 35, 64, 50, 95, 40, 96, 24, 83, 95, 18, 50, 43, 13, 54, 16, 70, 18, 8, 84, 10, 19, 71, 12, 75, 33, 55, 96, 8, 25, 72, 57, 100, 30, 32, 13, 90, 87, 32, 36, 72, 72, 83, 64, 100, 42, 19, 28, 85, 10, 28, 87, 48, 32, 64, 96, 100, 36, 19, 50, 9, 36, 87, 30, 12, 54, 6, 96, 43, 59, 32, 57, 30, 56, 60, 25, 60, 33, 81]","[79.366, 46.396, 54.252, 78.292, 13.544, 12.212, 12.544, 70.188, 10.918, 67.04, 27.11, 7.206, 26.154, 14.114, 85.714, 38.668, 28.906, 7.662, 39.894, 51.992, 36.058, 23.984, 42.11, 66.36, 69.412, 80.89, 35.914, 69.812, 29.186, 71.05, 70.1, 15.942, 62.218, 43.686, 12.826, 60.526, 19.2, 53.156, 22.404, 12.216, 66.754, 11.424, 16.822, 65.848, 12.438, 77.692, 33.004, 49.748, 84.618, 12.094, 50.58, 68.262, 59.23, 69.846, 35.876, 41.354, 13.662, 63.55, 71.16, 24.622, 53.568, 66.024, 53.43, 82.362, 63.724, 69.306, 46.606, 17.14, 25.092, 80.784, 13.938, 26.898, 79.52, 50.762, 27.77, 57.89, 83.266, 78.078, 54.234, 30.56, 61.52, 9.718, 41.888, 79.06, 34.216, 13.106, 60.07, 9.43, 65.656, 46.68, 57.286, 39.148, 52.846, 33.714, 60.87, 66.02, 25.146, 72.032, 52.894, 83.582]",8.2968,11.622705654020496,0.8437033157453127
600,"[24, 87, 84, 25, 23, 33, 64, 57, 48, 13, 15, 75, 18, 16, 72, 19, 19, 80, 7, 13, 7, 80, 27, 59, 80, 40, 23, 48, 100, 33, 100, 90, 24, 13, 25, 96, 6, 16, 84, 60, 18, 40, 29, 40, 13, 7, 72, 98, 93, 20, 9, 27, 57, 13, 50, 12, 85, 84, 60, 13, 84, 19, 27, 48, 24, 39, 64, 19, 23, 72, 63, 15, 48, 40, 36, 64, 55, 10, 33, 30, 24, 80, 16, 55, 40, 81, 95, 44, 32, 60, 72, 80, 63, 87, 80, 84, 44, 57, 54, 71]","[24.962, 78.556, 74.93, 25.246, 23.212, 43.926, 57.382, 69.948, 42.934, 15.52, 12.798, 64.726, 25.452, 20.664, 68.904, 18.024, 25.312, 71.716, 13.274, 13.07, 10.192, 68.372, 34.432, 53.526, 76.104, 44.922, 23.828, 47.97, 67.384, 51.322, 62.598, 74.742, 23.034, 14.188, 34.1, 73.664, 8.896, 17.254, 66.582, 69.244, 16.95, 34.588, 38.994, 48.78, 13.076, 15.742, 79.506, 79.764, 81.474, 20.412, 18.734, 34.39, 55.998, 12.364, 62.252, 10.96, 77.638, 66.618, 64.104, 12.918, 64.72, 18.05, 37.18, 58.278, 21.524, 36.996, 54.106, 20.148, 24.47, 64.396, 72.316, 14.132, 46.512, 46.016, 39.574, 57.678, 56.102, 13.246, 40.38, 32.502, 22.712, 76.286, 15.334, 56.08, 44.468, 66.53, 69.734, 41.274, 42.222, 60.208, 72.174, 69.124, 68.08, 81.292, 70.386, 72.606, 55.564, 51.402, 58.084, 57.45]",6.935839999999998,9.691509178657368,0.8799840914379174
1000,"[15, 12, 72, 44, 72, 33, 8, 7, 13, 60, 27, 60, 80, 43, 16, 48, 16, 83, 72, 70, 43, 63, 96, 64, 36, 40, 8, 71, 32, 44, 80, 64, 60, 36, 48, 25, 32, 42, 32, 55, 20, 36, 100, 83, 64, 84, 85, 32, 83, 13, 100, 32, 56, 80, 57, 18, 98, 8, 8, 72, 6, 55, 40, 13, 96, 25, 33, 60, 83, 39, 64, 63, 55, 15, 87, 10, 57, 48, 100, 56, 13, 32, 48, 40, 80, 49, 8, 7, 33, 16, 72, 28, 72, 90, 19, 12, 18, 60, 55, 96]","[12.234, 16.536, 80.648, 51.364, 75.132, 35.808, 8.912, 12.384, 13.326, 69.798, 29.292, 66.032, 68.576, 46.25, 17.616, 58.714, 16.254, 77.43, 77.42, 67.424, 71.716, 70.038, 75.386, 77.8, 39.708, 43.086, 8.846, 58.124, 41.964, 60.194, 84.066, 68.424, 68.912, 47.214, 46.346, 23.724, 23.652, 41.866, 35.852, 66.49, 18.698, 44.41, 80.584, 74.99, 58.16, 80.922, 82.358, 22.808, 78.62, 13.29, 74.338, 26.504, 50.506, 70.44, 46.5, 18.37, 85.928, 11.502, 10.548, 78.136, 11.904, 55.18, 46.014, 13.144, 78.54, 43.4, 38.194, 70.806, 77.964, 38.592, 71.34, 68.92, 64.948, 14.15, 82.45, 13.75, 76.082, 59.802, 76.81, 53.988, 18.16, 42.75, 62.246, 42.412, 65.542, 51.134, 9.818, 16.706, 35.662, 17.332, 84.238, 25.446, 75.754, 79.74, 20.682, 10.42, 26.048, 66.756, 54.532, 70.566]",7.0637599999999985,9.393417576154059,0.882804514181462
1000,"[24, 60, 96, 89, 40, 57, 63, 6, 12, 48, 9, 24, 30, 16, 51, 49, 19, 48, 72, 63, 64, 32, 63, 13, 48, 23, 84, 85, 6, 81, 85, 18, 35, 32, 32, 12, 56, 64, 6, 100, 8, 32, 98, 54, 25, 29, 25, 63, 89, 15, 25, 6, 51, 56, 84, 84, 96, 70, 70, 24, 8, 84, 54, 19, 16, 33, 98, 84, 80, 57, 6, 19, 93, 30, 24, 6, 29, 48, 93, 9, 44, 33, 90, 7, 8, 27, 8, 55, 80, 32, 89, 7, 8, 48, 27, 96, 40, 16, 80, 81]","[19.448, 68.622, 72.006, 82.392, 41.586, 65.302, 73.53, 6.486, 13.29, 49.668, 9.484, 22.302, 40.836, 19.514, 52.966, 48.052, 26.676, 45.29, 74.206, 75.138, 56.568, 33.156, 66.128, 12.582, 54.718, 21.312, 75.764, 77.544, 10.062, 73.042, 70.13, 18.066, 38.154, 22.15, 33.578, 11.528, 53.298, 55.998, 6.32, 78.5, 10.838, 41.992, 81.19, 56.774, 31.578, 33.054, 40.198, 61.152, 73.86, 9.738, 21.714, 7.48, 51.818, 56.47, 87.984, 80.438, 84.684, 70.52, 68.22, 26.732, 9.718, 74.572, 57.568, 18.612, 20.594, 37.952, 74.564, 69.81, 69.222, 67.672, 10.584, 23.408, 73.474, 34.85, 19.23, 6.604, 34.272, 56.448, 71.552, 13.674, 45.812, 34.084, 80.542, 7.418, 9.774, 44.918, 9.542, 63.532, 69.918, 26.582, 78.794, 9.236, 8.674, 44.398, 37.092, 75.95, 46.944, 17.138, 69.444, 82.594]",6.2046,8.464714317683734,0.9187706565618491
1000,"[35, 32, 36, 57, 40, 9, 54, 95, 13, 80, 19, 95, 13, 6, 93, 64, 72, 100, 35, 8, 27, 19, 36, 48, 44, 84, 93, 29, 18, 27, 18, 57, 87, 24, 55, 100, 35, 7, 85, 24, 13, 43, 8, 23, 29, 40, 12, 33, 16, 16, 60, 83, 32, 100, 93, 80, 30, 63, 51, 72, 10, 56, 35, 16, 57, 13, 8, 32, 19, 55, 72, 13, 85, 80, 23, 87, 85, 40, 87, 81, 24, 18, 57, 43, 100, 24, 85, 71, 23, 70, 50, 70, 55, 87, 24, 84, 24, 36, 80, 13]","[40.53, 40.784, 47.632, 62.832, 44.702, 10.742, 68.954, 81.402, 11.938, 75.91, 24.514, 69.64, 12.61, 6.35, 76.626, 58.136, 81.576, 69.772, 38.716, 8.944, 30.03, 20.058, 47.78, 53.314, 47.208, 74.336, 74.138, 33.736, 22.438, 30.112, 18.524, 68.19, 77.502, 20.914, 59.19, 68.976, 35.298, 8.468, 70.572, 24.408, 13.278, 45.242, 9.198, 20.262, 29.418, 47.866, 15.106, 35.692, 17.974, 20.948, 63.706, 68.876, 44.592, 75.914, 68.68, 71.358, 33.518, 62.632, 43.89, 81.756, 11.314, 54.458, 38.904, 17.178, 67.306, 12.792, 9.66, 37.292, 27.218, 54.736, 70.434, 11.914, 76.53, 72.702, 22.236, 79.03, 68.158, 40.486, 80.296, 80.622, 22.268, 19.51, 49.674, 52.866, 72.706, 24.492, 78.448, 59.586, 23.204, 63.026, 59.906, 71.122, 54.144, 76.078, 23.608, 85.072, 28.302, 39.936, 74.35, 12.81]",6.444020000000002,9.425616743746797,0.8943103544677131
1000,"[70, 95, 40, 12, 96, 24, 13, 35, 48, 30, 15, 80, 20, 23, 40, 90, 32, 89, 51, 36, 30, 44, 18, 57, 27, 93, 55, 6, 10, 12, 35, 100, 42, 36, 71, 43, 51, 19, 9, 32, 93, 100, 40, 90, 15, 83, 32, 87, 8, 70, 57, 32, 16, 85, 16, 85, 100, 44, 48, 100, 100, 23, 27, 6, 36, 100, 96, 30, 32, 8, 48, 39, 36, 40, 87, 32, 49, 13, 84, 42, 19, 48, 15, 48, 57, 80, 70, 23, 40, 84, 93, 93, 85, 80, 50, 100, 36, 40, 32, 98]","[69.794, 78.532, 44.604, 9.418, 84.77, 27.1, 12.276, 37.494, 42.894, 34.402, 22.904, 75.384, 22.158, 21.124, 40.254, 80.528, 40.164, 75.844, 38.08, 41.14, 33.242, 60.51, 23.07, 52.502, 43.586, 79.024, 51.006, 6.358, 11.332, 13.074, 38.056, 70.19, 41.362, 39.36, 60.676, 45.508, 50.778, 19.56, 10.548, 33.734, 80.228, 78.968, 44.944, 75.578, 13.15, 77.422, 26.966, 79.754, 9.038, 68.9, 66.96, 41.012, 16.396, 72.04, 13.208, 71.056, 63.698, 47.126, 44.436, 71.736, 74.144, 21.706, 48.52, 8.578, 44.162, 74.252, 82.904, 32.932, 27.618, 8.394, 52.192, 43.804, 39.384, 46.796, 85.496, 42.768, 50.182, 13.036, 83.734, 41.066, 19.272, 44.876, 13.688, 54.814, 53.416, 73.0, 72.058, 22.398, 46.014, 78.936, 85.546, 77.998, 70.668, 74.374, 61.258, 67.696, 40.0, 46.442, 44.452, 83.432]",7.314220000000001,10.572579721146585,0.8735998387479604
1000,"[96, 81, 55, 28, 43, 84, 96, 80, 64, 27, 10, 100, 63, 64, 96, 25, 6, 87, 96, 63, 96, 23, 54, 72, 18, 33, 60, 27, 72, 32, 18, 43, 20, 6, 7, 87, 60, 95, 48, 60, 19, 48, 72, 6, 81, 72, 43, 56, 40, 54, 6, 72, 100, 12, 63, 30, 13, 84, 59, 96, 71, 40, 81, 63, 13, 100, 25, 24, 98, 14, 8, 13, 10, 51, 24, 13, 40, 48, 51, 36, 25, 24, 56, 29, 29, 95, 63, 54, 12, 54, 35, 57, 56, 32, 18, 49, 54, 60, 42, 24]","[70.51, 67.516, 65.03, 25.062, 47.262, 68.822, 82.28, 68.26, 57.206, 29.336, 13.092, 69.164, 73.486, 56.09, 69.654, 24.054, 7.08, 68.534, 80.262, 58.458, 74.602, 24.486, 62.058, 74.742, 18.438, 39.13, 70.544, 56.684, 77.664, 26.858, 19.044, 59.14, 20.012, 6.948, 19.818, 80.766, 65.922, 78.77, 52.804, 65.186, 26.35, 43.222, 72.812, 7.066, 80.036, 82.104, 43.248, 46.18, 46.41, 64.788, 6.946, 75.714, 77.734, 11.432, 70.28, 31.28, 13.668, 74.99, 50.546, 75.832, 63.49, 43.582, 71.752, 63.992, 17.078, 71.622, 28.08, 19.306, 86.654, 16.66, 9.59, 12.516, 12.772, 50.516, 22.632, 12.452, 41.964, 55.802, 48.704, 43.476, 35.49, 24.432, 54.752, 40.128, 33.824, 81.944, 71.152, 52.89, 16.956, 59.204, 35.426, 69.132, 50.666, 32.918, 15.818, 51.96, 63.902, 63.29, 39.67, 24.582]",7.157400000000001,10.06917669722803,0.8721661243061629
1000,"[64, 19, 84, 16, 8, 93, 33, 10, 33, 54, 56, 19, 57, 13, 87, 49, 84, 96, 89, 39, 13, 30, 16, 15, 8, 43, 56, 19, 51, 51, 89, 55, 87, 40, 81, 7, 24, 27, 16, 48, 13, 33, 24, 35, 24, 98, 55, 35, 98, 64, 96, 80, 12, 48, 96, 32, 33, 35, 13, 54, 36, 84, 60, 96, 84, 57, 7, 32, 24, 20, 50, 24, 89, 84, 16, 56, 48, 72, 84, 32, 98, 96, 96, 13, 57, 83, 64, 49, 16, 100, 56, 59, 48, 87, 32, 12, 9, 64, 72, 100]","[60.59, 18.982, 72.818, 14.908, 11.186, 74.246, 36.37, 12.722, 42.21, 59.556, 58.254, 20.79, 51.022, 12.982, 75.882, 49.418, 84.382, 74.684, 74.56, 39.796, 12.886, 32.314, 16.502, 12.964, 9.998, 57.626, 52.916, 22.792, 42.642, 44.954, 58.57, 55.622, 84.864, 44.486, 70.348, 12.404, 22.534, 30.208, 16.352, 51.198, 12.9, 56.312, 25.474, 43.82, 26.442, 64.21, 63.608, 38.752, 85.84, 60.574, 76.872, 64.568, 13.72, 60.33, 77.364, 28.634, 35.458, 39.402, 14.668, 62.066, 39.568, 81.374, 68.864, 85.056, 83.008, 73.808, 13.144, 35.782, 25.136, 18.094, 59.086, 25.192, 72.886, 81.522, 14.038, 60.864, 52.37, 76.506, 83.366, 31.446, 73.464, 73.328, 85.606, 13.72, 55.172, 79.716, 56.758, 53.172, 17.064, 69.316, 55.058, 60.456, 53.674, 71.66, 27.734, 17.444, 14.238, 73.684, 75.36, 75.168]",6.922860000000001,10.229619021253919,0.8786916244154117
1000,"[87, 56, 33, 81, 85, 51, 6, 85, 59, 60, 57, 14, 100, 70, 96, 63, 93, 13, 64, 100, 8, 40, 10, 7, 51, 18, 85, 15, 85, 72, 96, 44, 60, 6, 84, 40, 13, 80, 70, 16, 44, 28, 36, 32, 54, 28, 42, 39, 49, 33, 33, 9, 70, 100, 33, 71, 49, 28, 24, 19, 33, 48, 93, 84, 32, 59, 84, 27, 51, 16, 51, 32, 16, 96, 32, 72, 14, 32, 40, 33, 93, 43, 40, 81, 81, 8, 33, 85, 14, 39, 55, 7, 48, 23, 64, 36, 28, 87, 40, 70]","[78.446, 58.876, 37.454, 79.16, 80.776, 46.278, 8.912, 63.894, 48.112, 65.168, 69.598, 17.944, 60.404, 71.904, 70.106, 66.556, 71.276, 12.804, 60.024, 77.162, 8.44, 46.434, 15.452, 9.496, 49.136, 18.512, 65.754, 13.018, 71.976, 79.6, 74.18, 48.872, 71.336, 10.564, 80.802, 47.226, 13.278, 70.206, 69.462, 15.28, 45.404, 23.388, 36.634, 40.796, 58.338, 26.466, 41.908, 48.502, 52.988, 40.834, 42.942, 13.084, 72.844, 76.872, 35.054, 55.584, 50.02, 27.572, 24.282, 16.538, 34.91, 45.176, 84.072, 69.148, 31.476, 53.862, 85.572, 42.34, 55.724, 18.474, 49.588, 42.014, 17.432, 69.796, 31.14, 79.592, 17.526, 27.83, 45.932, 46.104, 74.014, 46.906, 44.292, 70.374, 74.448, 9.378, 41.02, 63.88, 14.408, 40.942, 58.152, 8.716, 61.22, 21.428, 56.144, 44.868, 23.896, 76.428, 49.25, 57.174]",7.13658,10.167312346928268,0.8640206966821727
1000,"[12, 85, 71, 100, 6, 25, 96, 71, 7, 25, 55, 57, 19, 81, 96, 18, 71, 32, 81, 64, 98, 83, 9, 100, 54, 25, 85, 10, 13, 40, 48, 32, 51, 33, 24, 64, 70, 90, 24, 48, 80, 84, 12, 95, 56, 15, 16, 72, 32, 44, 56, 93, 70, 13, 80, 56, 32, 72, 32, 40, 48, 15, 55, 16, 32, 20, 93, 20, 29, 30, 19, 64, 16, 56, 19, 80, 54, 51, 33, 48, 59, 48, 48, 56, 35, 80, 19, 55, 12, 16, 64, 85, 70, 27, 57, 87, 16, 36, 35, 24]","[13.42, 80.19, 63.15, 79.408, 9.448, 33.722, 82.362, 56.178, 13.158, 30.784, 54.362, 53.01, 19.052, 77.928, 75.982, 20.824, 60.13, 40.716, 75.922, 69.462, 71.876, 63.2, 11.418, 77.458, 58.454, 30.688, 65.316, 15.982, 12.642, 44.086, 49.396, 42.7, 40.672, 35.026, 26.642, 58.824, 69.98, 76.354, 22.538, 55.372, 66.47, 68.8, 19.588, 80.326, 58.41, 14.154, 25.47, 72.488, 28.378, 45.162, 56.45, 66.406, 72.148, 12.528, 67.386, 53.272, 40.936, 69.892, 26.78, 45.578, 60.774, 15.524, 63.548, 14.134, 40.776, 16.346, 76.818, 21.3, 31.47, 36.46, 31.592, 67.994, 15.288, 55.052, 19.486, 84.002, 55.98, 45.752, 38.28, 57.28, 50.232, 57.674, 51.928, 58.232, 36.794, 74.442, 17.308, 67.862, 14.954, 16.234, 67.374, 77.132, 71.658, 36.764, 50.922, 83.734, 17.824, 44.746, 41.72, 23.372]",6.564040000000001,8.88238112219916,0.8932717903764729
1000,"[57, 13, 7, 87, 93, 100, 6, 64, 72, 10, 35, 14, 19, 70, 100, 96, 48, 87, 8, 33, 16, 87, 33, 33, 8, 75, 40, 43, 50, 32, 93, 16, 57, 18, 15, 93, 64, 32, 32, 90, 55, 72, 75, 40, 64, 80, 16, 16, 6, 64, 48, 40, 32, 24, 24, 80, 96, 16, 15, 27, 12, 55, 19, 72, 40, 56, 49, 16, 48, 93, 64, 83, 33, 49, 16, 32, 7, 7, 72, 8, 51, 83, 90, 19, 54, 16, 6, 25, 84, 12, 24, 8, 85, 50, 100, 13, 96, 42, 59, 20]","[68.958, 16.146, 10.178, 79.642, 66.58, 73.776, 10.252, 57.928, 73.968, 14.66, 42.812, 15.676, 18.156, 73.278, 69.96, 77.16, 58.612, 85.634, 8.856, 36.358, 15.256, 84.568, 39.012, 37.76, 9.27, 71.212, 36.098, 41.294, 57.332, 47.558, 83.802, 18.822, 58.332, 32.526, 12.64, 80.41, 66.622, 27.462, 28.138, 78.04, 52.194, 74.032, 72.742, 51.972, 57.062, 80.676, 16.796, 17.446, 10.298, 74.566, 50.678, 42.076, 31.584, 21.338, 22.438, 64.89, 74.238, 16.294, 11.828, 38.558, 13.682, 49.194, 33.122, 76.734, 43.766, 52.79, 51.056, 16.974, 56.114, 79.688, 55.81, 65.352, 37.314, 56.294, 14.128, 41.462, 13.83, 34.68, 76.986, 8.35, 49.904, 74.86, 80.916, 20.33, 53.524, 16.976, 6.198, 32.156, 72.914, 12.066, 23.778, 10.932, 80.76, 62.524, 74.8, 12.862, 61.98, 43.382, 59.694, 17.702]",6.619699999999999,9.810267998378025,0.8910530773675245
1000,"[81, 100, 35, 72, 24, 32, 9, 18, 64, 80, 71, 36, 64, 100, 40, 32, 54, 48, 19, 81, 40, 54, 16, 85, 48, 18, 28, 98, 80, 48, 54, 32, 59, 12, 6, 8, 72, 19, 63, 96, 96, 24, 29, 27, 7, 25, 9, 44, 50, 16, 89, 89, 8, 57, 89, 24, 33, 29, 19, 87, 19, 51, 96, 14, 100, 33, 8, 48, 72, 18, 72, 33, 60, 93, 29, 60, 80, 35, 33, 89, 19, 29, 35, 8, 72, 70, 36, 39, 12, 7, 13, 81, 20, 6, 28, 96, 19, 96, 40, 70]","[68.766, 77.01, 39.654, 67.074, 23.588, 28.324, 14.908, 17.104, 54.634, 74.242, 56.992, 39.814, 56.07, 70.744, 39.686, 36.736, 52.084, 54.746, 28.652, 80.686, 48.174, 61.812, 14.808, 65.622, 47.384, 17.372, 25.196, 77.212, 70.952, 61.354, 57.116, 27.034, 62.918, 12.024, 6.112, 15.158, 72.194, 27.116, 70.29, 83.736, 75.98, 28.958, 34.676, 32.442, 12.848, 35.97, 12.638, 47.706, 58.486, 17.32, 76.232, 77.528, 8.528, 66.122, 76.996, 21.728, 34.568, 31.184, 18.264, 66.898, 20.872, 65.534, 71.44, 21.154, 79.052, 57.496, 11.808, 51.018, 76.35, 20.988, 63.276, 36.79, 69.504, 81.834, 33.56, 68.012, 70.98, 42.288, 41.298, 78.632, 20.036, 37.478, 37.518, 10.846, 73.42, 68.684, 43.642, 43.156, 11.716, 8.216, 12.712, 71.142, 21.326, 7.198, 27.116, 74.27, 30.59, 76.506, 43.614, 75.028]",7.176580000000001,9.69641711355282,0.8897534523798915
1400,"[64, 49, 84, 18, 16, 10, 27, 55, 96, 84, 24, 80, 33, 96, 85, 15, 50, 84, 7, 18, 100, 96, 64, 30, 7, 48, 70, 7, 23, 43, 30, 93, 30, 32, 36, 80, 27, 85, 55, 18, 84, 13, 13, 95, 13, 59, 72, 54, 8, 96, 64, 7, 87, 16, 95, 18, 14, 10, 93, 12, 25, 7, 83, 60, 13, 6, 6, 54, 40, 29, 18, 40, 81, 72, 93, 96, 12, 49, 54, 54, 64, 96, 89, 59, 51, 40, 54, 42, 54, 54, 64, 50, 27, 19, 40, 44, 100, 35, 48, 29]","[57.374, 48.344, 79.764, 17.288, 16.964, 12.598, 33.838, 52.14, 83.834, 84.382, 21.874, 71.808, 40.93, 80.792, 76.486, 13.376, 58.634, 72.634, 10.602, 18.476, 83.442, 79.966, 59.112, 30.794, 7.714, 45.456, 73.902, 9.936, 22.428, 41.518, 31.518, 82.098, 31.978, 30.944, 39.052, 66.238, 44.682, 64.272, 60.538, 17.458, 77.656, 13.014, 12.784, 71.086, 13.35, 66.36, 69.746, 62.296, 9.834, 78.166, 70.946, 12.766, 78.752, 24.16, 82.868, 20.598, 16.074, 13.872, 76.79, 13.586, 24.308, 24.198, 74.386, 68.052, 13.816, 6.188, 9.706, 55.08, 40.01, 36.682, 16.392, 46.706, 63.946, 73.984, 74.94, 78.726, 12.056, 51.252, 56.528, 63.456, 58.506, 82.928, 68.706, 64.566, 39.558, 41.83, 54.676, 44.748, 53.374, 53.044, 68.214, 57.988, 35.124, 19.732, 43.582, 48.434, 79.114, 33.088, 51.274, 34.884]",6.1765,8.582573961230977,0.9165645527171188
1400,"[100, 16, 32, 63, 87, 23, 14, 13, 89, 19, 100, 39, 19, 13, 55, 72, 85, 95, 57, 12, 80, 36, 25, 19, 6, 96, 19, 96, 48, 80, 40, 54, 98, 57, 85, 16, 96, 96, 60, 48, 55, 13, 83, 8, 93, 16, 54, 27, 25, 39, 96, 87, 15, 87, 33, 43, 48, 43, 19, 48, 80, 48, 6, 23, 83, 60, 56, 32, 54, 64, 50, 23, 96, 44, 60, 57, 51, 28, 96, 24, 27, 63, 29, 100, 30, 20, 8, 40, 25, 100, 15, 54, 96, 51, 96, 23, 85, 60, 12, 93]","[71.502, 16.956, 26.898, 77.206, 79.448, 22.43, 15.214, 13.296, 77.424, 17.292, 79.316, 38.866, 18.946, 11.728, 55.432, 80.436, 76.448, 79.238, 50.306, 14.874, 70.536, 36.444, 23.698, 29.606, 7.26, 85.168, 18.102, 82.61, 53.804, 74.576, 47.182, 57.144, 87.876, 47.198, 84.098, 13.156, 79.922, 73.674, 69.002, 45.464, 64.53, 13.744, 76.746, 8.208, 77.146, 14.612, 57.794, 28.048, 30.198, 43.558, 81.722, 78.584, 12.884, 79.444, 44.818, 47.62, 52.538, 53.334, 31.172, 53.456, 71.782, 50.014, 6.162, 21.628, 82.67, 62.236, 56.508, 28.558, 63.328, 57.98, 60.422, 21.598, 76.908, 63.87, 66.494, 64.96, 43.508, 26.378, 80.724, 21.986, 35.67, 74.958, 33.33, 71.65, 31.704, 18.196, 11.506, 48.086, 28.144, 84.78, 13.066, 62.04, 81.524, 45.12, 77.442, 37.212, 65.554, 66.192, 10.948, 83.402]",7.2125,9.623664206527573,0.8966708459219894
1400,"[43, 12, 16, 64, 18, 48, 72, 55, 12, 43, 90, 24, 48, 25, 59, 16, 25, 71, 89, 87, 75, 63, 50, 56, 12, 100, 55, 80, 7, 83, 55, 7, 96, 16, 32, 55, 100, 56, 8, 18, 20, 32, 20, 25, 96, 8, 72, 48, 18, 18, 55, 72, 95, 32, 25, 14, 8, 39, 60, 83, 18, 72, 64, 96, 29, 39, 6, 100, 55, 96, 96, 49, 84, 27, 39, 42, 48, 33, 90, 96, 15, 16, 80, 63, 6, 13, 96, 85, 59, 8, 27, 6, 60, 39, 8, 96, 16, 24, 90, 48]","[41.764, 10.942, 18.218, 55.558, 21.652, 42.27, 82.252, 53.668, 12.714, 47.426, 76.424, 25.072, 41.598, 29.94, 53.224, 16.446, 24.532, 56.272, 82.148, 82.556, 75.078, 61.77, 60.554, 61.264, 11.074, 82.234, 53.29, 77.99, 11.036, 82.596, 54.826, 12.02, 81.298, 16.262, 32.568, 55.432, 83.094, 56.92, 11.788, 25.122, 18.3, 34.668, 18.056, 36.554, 85.056, 8.78, 83.248, 50.526, 17.53, 21.152, 46.312, 71.472, 76.422, 38.134, 35.704, 14.23, 8.334, 39.868, 66.844, 68.98, 17.64, 71.732, 57.142, 76.762, 43.182, 36.512, 6.1, 73.086, 62.744, 78.698, 84.636, 51.006, 85.812, 28.57, 37.484, 46.366, 52.64, 37.67, 77.79, 83.684, 13.614, 13.886, 71.948, 73.42, 8.576, 12.92, 81.864, 78.94, 49.948, 9.476, 34.172, 6.144, 68.544, 35.854, 10.004, 83.058, 17.522, 25.23, 82.922, 43.052]",5.61556,7.890938144479399,0.9315768976212258
1400,"[27, 14, 51, 64, 16, 96, 7, 85, 16, 32, 90, 81, 10, 48, 96, 12, 30, 9, 49, 6, 54, 64, 14, 6, 16, 50, 27, 39, 59, 93, 56, 40, 48, 80, 57, 89, 28, 33, 93, 40, 19, 13, 60, 93, 70, 100, 93, 54, 7, 20, 19, 43, 72, 89, 16, 75, 32, 25, 63, 32, 24, 54, 18, 40, 72, 48, 84, 87, 70, 93, 96, 24, 72, 70, 14, 8, 6, 32, 6, 39, 36, 56, 28, 30, 51, 19, 40, 19, 93, 19, 75, 72, 29, 64, 8, 83, 40, 84, 48, 25]","[32.568, 15.236, 55.548, 61.064, 17.558, 77.15, 8.668, 85.108, 14.796, 27.022, 83.802, 78.2, 10.944, 58.45, 78.646, 15.952, 31.29, 13.404, 47.758, 6.092, 60.366, 71.216, 18.68, 6.92, 21.41, 59.396, 47.692, 40.468, 51.794, 80.204, 50.192, 46.128, 44.52, 75.834, 64.818, 81.54, 26.738, 31.404, 79.106, 38.74, 18.46, 12.892, 70.024, 80.572, 67.018, 81.418, 70.358, 63.338, 8.736, 21.34, 17.894, 45.234, 76.64, 77.416, 17.144, 74.492, 26.604, 31.34, 77.994, 42.212, 23.448, 63.216, 20.358, 46.944, 77.87, 51.16, 84.418, 80.734, 72.012, 76.014, 84.594, 28.516, 79.426, 72.592, 14.666, 8.618, 8.44, 36.228, 7.436, 37.03, 39.338, 55.876, 26.734, 36.558, 50.798, 26.192, 43.0, 19.432, 73.486, 22.788, 74.23, 75.972, 31.052, 58.082, 11.926, 82.146, 44.974, 82.42, 46.758, 23.294]",5.2176800000000005,7.341151212173742,0.9340956703023853
1400,"[33, 39, 8, 15, 93, 19, 70, 9, 54, 13, 39, 100, 81, 71, 6, 28, 93, 100, 44, 36, 72, 59, 96, 20, 64, 6, 15, 15, 98, 80, 89, 6, 7, 18, 89, 35, 40, 64, 64, 40, 18, 8, 32, 63, 42, 35, 83, 27, 72, 36, 19, 12, 57, 96, 85, 64, 85, 85, 96, 25, 85, 36, 49, 56, 39, 90, 96, 100, 59, 16, 19, 25, 48, 93, 55, 96, 16, 18, 27, 49, 13, 48, 33, 18, 96, 51, 48, 64, 12, 39, 55, 16, 28, 48, 13, 6, 19, 25, 60, 48]","[38.974, 40.162, 9.268, 11.416, 82.692, 25.45, 68.664, 10.106, 57.338, 12.766, 42.222, 75.638, 79.328, 55.738, 6.268, 26.504, 81.892, 70.968, 52.248, 46.146, 79.556, 70.456, 83.918, 18.152, 54.83, 6.19, 11.204, 13.42, 84.542, 77.438, 82.96, 6.914, 24.192, 21.54, 79.71, 42.526, 42.65, 59.33, 60.232, 43.55, 18.39, 9.544, 36.806, 75.432, 40.512, 37.332, 79.8, 63.82, 81.95, 45.872, 20.392, 10.442, 61.816, 80.748, 79.928, 57.852, 72.342, 71.916, 78.648, 23.2, 68.988, 40.944, 51.376, 56.29, 36.528, 76.096, 81.09, 79.858, 47.22, 16.666, 19.47, 21.384, 44.464, 82.602, 56.74, 82.408, 17.868, 24.916, 34.104, 51.554, 12.51, 52.13, 38.006, 22.174, 86.284, 48.062, 56.818, 56.924, 9.658, 43.79, 53.136, 18.384, 26.568, 48.808, 12.508, 6.106, 18.74, 23.282, 63.766, 53.586]",6.315659999999999,9.019766145527278,0.9073961557584174
1400,"[18, 10, 48, 25, 9, 72, 42, 13, 27, 33, 16, 63, 48, 13, 93, 81, 57, 32, 39, 13, 30, 9, 96, 84, 23, 32, 50, 24, 18, 10, 90, 95, 93, 64, 24, 14, 63, 48, 75, 51, 43, 16, 80, 18, 87, 16, 96, 57, 6, 51, 10, 95, 19, 96, 81, 6, 56, 19, 75, 80, 24, 12, 48, 89, 57, 7, 57, 51, 16, 24, 85, 24, 48, 7, 50, 87, 18, 39, 93, 64, 100, 25, 89, 40, 25, 87, 83, 14, 16, 30, 55, 54, 48, 40, 16, 87, 98, 93, 64, 19]","[18.194, 11.258, 50.134, 35.41, 11.652, 79.338, 42.94, 13.198, 31.47, 34.484, 17.326, 82.836, 44.666, 13.182, 80.868, 83.468, 67.78, 35.898, 36.62, 12.894, 32.022, 9.692, 86.572, 81.908, 21.566, 29.624, 60.768, 22.164, 22.084, 11.518, 80.73, 78.762, 79.9, 60.698, 24.204, 17.306, 72.488, 50.812, 73.88, 63.708, 42.142, 18.468, 73.696, 20.78, 83.9, 14.754, 78.36, 64.278, 6.17, 42.5, 11.84, 67.174, 18.882, 83.846, 77.33, 6.068, 58.778, 18.932, 70.354, 70.848, 25.756, 16.65, 54.13, 68.978, 70.334, 6.842, 68.506, 43.714, 16.96, 23.34, 75.95, 22.088, 56.752, 8.83, 61.648, 79.978, 20.094, 40.542, 72.514, 67.37, 83.01, 22.918, 75.132, 44.422, 23.178, 82.212, 77.216, 18.926, 15.966, 32.61, 53.102, 58.722, 43.658, 42.068, 18.484, 69.172, 79.038, 80.276, 56.318, 19.488]",5.7267399999999995,8.16221539289426,0.9249423195274938
1400,"[9, 55, 93, 13, 12, 27, 32, 7, 24, 57, 63, 96, 27, 71, 71, 72, 75, 36, 85, 54, 24, 93, 60, 29, 84, 16, 44, 64, 8, 96, 20, 42, 14, 6, 63, 72, 13, 19, 96, 33, 6, 33, 16, 64, 81, 56, 83, 24, 20, 33, 54, 81, 25, 27, 44, 80, 60, 32, 44, 12, 16, 18, 75, 80, 72, 7, 48, 84, 72, 39, 100, 14, 40, 36, 16, 70, 32, 32, 7, 24, 28, 19, 56, 54, 56, 12, 29, 43, 19, 63, 8, 96, 12, 96, 7, 96, 29, 89, 98, 57]","[10.46, 53.592, 82.288, 12.844, 11.808, 40.044, 26.886, 7.3, 21.298, 64.644, 68.658, 83.636, 30.25, 54.506, 58.372, 82.924, 76.384, 51.304, 70.076, 53.154, 27.734, 75.538, 66.846, 38.05, 80.392, 17.518, 47.324, 70.19, 13.832, 83.65, 18.484, 40.652, 17.354, 6.18, 76.51, 74.948, 13.442, 23.764, 80.912, 44.024, 8.596, 38.104, 14.44, 60.314, 81.818, 57.632, 79.508, 22.226, 19.244, 42.068, 57.696, 70.406, 24.38, 26.314, 49.618, 65.52, 63.704, 35.886, 46.842, 10.936, 17.394, 18.374, 70.362, 73.524, 77.836, 8.396, 42.64, 80.358, 82.904, 40.526, 72.29, 15.846, 45.654, 45.144, 19.884, 71.346, 28.066, 34.112, 6.456, 27.228, 26.996, 19.362, 54.834, 70.24, 53.914, 12.506, 30.38, 51.176, 19.828, 71.996, 9.768, 85.384, 14.366, 81.078, 31.118, 82.362, 37.802, 78.69, 85.9, 66.02]",5.876240000000001,8.102091680547685,0.9208566153691831
1400,"[96, 72, 32, 39, 70, 27, 95, 100, 18, 40, 59, 27, 84, 96, 30, 6, 8, 48, 51, 70, 13, 40, 60, 18, 75, 100, 7, 48, 42, 56, 24, 8, 63, 25, 84, 19, 8, 87, 63, 85, 51, 19, 39, 36, 19, 35, 64, 25, 70, 98, 72, 25, 32, 27, 6, 93, 63, 49, 30, 80, 13, 29, 60, 72, 57, 80, 19, 36, 85, 49, 48, 40, 85, 24, 54, 10, 40, 72, 8, 13, 72, 80, 18, 44, 64, 48, 63, 25, 10, 29, 18, 48, 7, 19, 64, 55, 48, 16, 80, 13]","[80.76, 73.724, 32.918, 40.778, 68.256, 30.522, 75.172, 82.324, 18.016, 45.276, 53.582, 31.154, 81.364, 83.324, 34.04, 7.108, 8.448, 50.702, 50.396, 67.178, 15.38, 41.078, 66.088, 20.212, 67.782, 78.14, 9.252, 45.788, 40.116, 55.886, 26.042, 10.892, 59.152, 23.952, 87.36, 19.066, 9.634, 80.618, 67.906, 79.876, 53.022, 18.88, 38.968, 39.184, 17.46, 36.94, 70.698, 36.008, 67.952, 83.38, 80.572, 46.662, 28.448, 43.398, 8.622, 81.538, 67.212, 50.954, 32.262, 69.912, 12.818, 29.46, 64.932, 76.98, 51.524, 78.106, 33.758, 48.952, 78.208, 49.35, 43.856, 41.994, 81.406, 22.942, 49.578, 10.946, 38.454, 75.186, 11.734, 13.612, 80.714, 68.592, 19.418, 52.214, 58.552, 50.654, 72.92, 28.676, 11.132, 30.47, 18.076, 60.666, 8.912, 19.436, 73.102, 63.53, 59.912, 17.58, 73.086, 12.734]",4.94386,7.066663396540124,0.9320650779729442
1400,"[56, 13, 64, 56, 12, 12, 25, 36, 6, 18, 54, 95, 43, 85, 57, 24, 54, 56, 27, 18, 10, 80, 6, 96, 90, 40, 96, 54, 14, 25, 98, 43, 63, 32, 16, 15, 80, 51, 10, 7, 71, 32, 48, 75, 59, 25, 24, 85, 48, 85, 23, 96, 57, 16, 55, 48, 48, 55, 24, 19, 72, 56, 29, 57, 80, 51, 44, 29, 81, 48, 80, 33, 49, 93, 89, 13, 84, 93, 15, 20, 85, 72, 55, 72, 72, 84, 60, 35, 96, 30, 8, 98, 25, 32, 49, 72, 27, 96, 93, 16]","[56.88, 12.54, 57.448, 54.034, 9.64, 14.172, 31.8, 38.008, 6.326, 20.446, 54.248, 82.194, 43.322, 82.864, 50.17, 25.566, 56.176, 53.14, 37.366, 21.052, 11.378, 72.666, 14.992, 79.912, 84.734, 41.706, 83.986, 57.862, 17.87, 30.12, 85.59, 47.782, 67.014, 38.346, 16.632, 12.718, 71.194, 39.136, 11.066, 10.518, 60.722, 40.226, 43.804, 71.646, 51.764, 30.796, 22.482, 80.772, 44.052, 75.174, 20.932, 80.388, 72.706, 16.446, 59.414, 55.018, 52.434, 53.63, 24.878, 30.294, 74.43, 55.976, 35.422, 54.396, 72.292, 48.08, 55.962, 31.988, 80.04, 60.72, 77.452, 41.426, 54.822, 82.53, 71.936, 12.89, 71.74, 78.09, 15.332, 22.016, 79.602, 80.992, 62.474, 77.392, 78.426, 85.776, 67.52, 31.994, 79.258, 32.496, 9.182, 76.614, 30.61, 35.0, 53.75, 83.07, 32.332, 81.116, 80.488, 20.174]",5.85346,7.535473747548988,0.928182059454092
1400,"[63, 24, 100, 96, 25, 80, 27, 33, 14, 13, 51, 40, 84, 60, 72, 51, 48, 84, 56, 84, 49, 8, 16, 42, 96, 6, 96, 44, 7, 10, 9, 57, 9, 36, 57, 18, 93, 39, 50, 55, 83, 96, 80, 63, 51, 35, 7, 36, 60, 63, 83, 19, 29, 16, 49, 6, 49, 59, 14, 29, 72, 42, 63, 25, 40, 51, 80, 60, 48, 19, 100, 51, 39, 84, 80, 43, 60, 49, 33, 80, 7, 80, 16, 81, 85, 25, 40, 75, 100, 19, 63, 71, 96, 16, 96, 20, 40, 48, 18, 20]","[70.182, 24.366, 78.33, 74.46, 21.728, 71.938, 29.464, 39.754, 15.216, 12.972, 45.932, 43.594, 75.854, 67.672, 75.636, 54.856, 49.722, 83.332, 57.568, 76.54, 48.688, 10.318, 16.01, 41.974, 80.35, 9.298, 71.656, 45.306, 6.824, 12.286, 10.432, 68.832, 11.774, 46.358, 53.282, 17.558, 74.01, 39.006, 57.228, 53.656, 80.64, 85.356, 69.264, 61.176, 39.84, 35.468, 8.802, 38.692, 64.636, 72.98, 74.946, 18.828, 34.666, 20.268, 49.794, 8.624, 50.198, 53.39, 15.032, 31.348, 72.12, 43.082, 70.826, 30.958, 44.986, 48.004, 77.954, 72.178, 54.266, 27.81, 78.45, 46.778, 42.936, 73.966, 65.8, 42.91, 67.498, 51.532, 36.1, 68.158, 6.706, 76.126, 20.03, 75.134, 77.584, 32.582, 52.696, 68.704, 77.028, 27.81, 65.716, 60.466, 78.264, 17.734, 82.246, 18.86, 47.942, 50.68, 17.948, 18.346]",5.82912,8.165539795996343,0.9138920024836943
1800,"[25, 8, 25, 55, 32, 27, 84, 93, 93, 48, 23, 32, 84, 57, 80, 48, 85, 32, 33, 32, 64, 27, 8, 100, 27, 12, 18, 90, 48, 13, 32, 60, 19, 70, 64, 40, 6, 29, 51, 13, 49, 75, 100, 33, 13, 24, 54, 55, 20, 18, 36, 16, 80, 42, 59, 90, 60, 93, 55, 42, 12, 27, 98, 96, 48, 27, 32, 8, 75, 56, 19, 64, 72, 25, 87, 44, 30, 40, 13, 96, 54, 93, 72, 7, 98, 13, 6, 30, 6, 64, 44, 100, 63, 63, 19, 96, 19, 75, 60, 96]","[25.37, 9.328, 23.606, 55.6, 31.318, 36.524, 86.316, 78.172, 78.112, 46.984, 22.484, 28.94, 84.692, 68.758, 76.668, 48.84, 73.926, 38.44, 33.418, 35.58, 58.884, 28.736, 9.134, 79.298, 31.454, 15.298, 24.304, 78.942, 51.064, 12.992, 28.042, 68.242, 23.192, 70.47, 57.832, 43.204, 6.138, 29.064, 53.204, 13.17, 49.674, 77.03, 73.022, 34.54, 13.542, 23.646, 58.168, 57.902, 19.412, 18.114, 39.73, 15.082, 69.518, 42.318, 52.054, 78.248, 67.192, 86.034, 58.086, 42.536, 12.8, 28.998, 81.75, 84.338, 51.358, 27.526, 28.69, 9.37, 69.436, 55.752, 18.05, 66.23, 76.67, 30.968, 80.146, 55.486, 33.246, 43.126, 12.93, 74.97, 64.182, 81.22, 81.138, 7.73, 85.8, 16.322, 6.336, 31.314, 7.656, 65.07, 49.192, 81.104, 75.33, 70.16, 24.638, 82.146, 18.002, 72.456, 64.826, 85.028]",5.0501,7.414816974140359,0.9341664925300217
1800,"[75, 80, 13, 59, 42, 19, 90, 16, 85, 72, 6, 63, 83, 87, 93, 24, 14, 27, 54, 71, 7, 24, 75, 56, 72, 13, 40, 35, 7, 51, 96, 35, 30, 40, 96, 40, 51, 90, 43, 16, 72, 7, 87, 85, 87, 27, 54, 40, 43, 16, 48, 57, 90, 56, 30, 96, 6, 55, 29, 36, 96, 18, 24, 36, 87, 80, 48, 100, 57, 83, 32, 14, 8, 90, 25, 12, 9, 95, 80, 64, 60, 29, 19, 15, 25, 25, 57, 85, 48, 60, 100, 49, 59, 54, 95, 13, 49, 16, 48, 55]","[75.516, 75.936, 12.838, 54.176, 42.654, 23.802, 78.644, 16.98, 72.366, 78.736, 6.114, 71.6, 83.438, 83.072, 77.434, 27.814, 14.284, 29.956, 56.72, 65.552, 6.74, 24.282, 76.838, 56.998, 77.698, 13.83, 42.27, 34.32, 11.072, 47.142, 84.53, 36.386, 32.596, 42.74, 78.324, 41.948, 50.668, 81.47, 41.096, 16.432, 71.602, 8.608, 81.094, 82.032, 76.936, 34.766, 56.158, 41.014, 45.716, 14.662, 53.662, 69.486, 78.916, 55.018, 34.584, 83.166, 6.112, 54.582, 29.726, 38.796, 71.536, 18.446, 27.422, 49.166, 77.446, 71.86, 53.608, 81.438, 66.614, 71.232, 35.45, 16.508, 8.394, 81.828, 33.208, 12.646, 9.972, 74.778, 84.112, 64.424, 68.57, 43.496, 31.686, 13.374, 38.722, 42.818, 68.028, 84.726, 53.55, 65.742, 79.266, 51.062, 51.092, 54.348, 80.534, 13.014, 53.454, 15.208, 50.524, 59.742]",5.51424,7.846655639187945,0.9250635873568395
1800,"[32, 14, 39, 25, 24, 84, 59, 43, 19, 85, 54, 40, 93, 64, 19, 80, 93, 64, 57, 83, 63, 40, 56, 57, 40, 36, 8, 93, 75, 19, 16, 12, 72, 84, 54, 16, 32, 25, 16, 84, 13, 93, 72, 59, 89, 55, 16, 80, 87, 40, 27, 33, 60, 90, 36, 7, 43, 13, 85, 13, 85, 13, 80, 40, 100, 71, 13, 72, 24, 64, 28, 51, 7, 24, 64, 55, 89, 96, 55, 15, 49, 48, 56, 27, 40, 40, 25, 28, 33, 84, 7, 80, 6, 24, 32, 19, 60, 84, 8, 54]","[32.068, 17.13, 38.376, 39.006, 24.032, 82.464, 54.15, 41.232, 17.386, 81.06, 57.556, 49.15, 79.436, 55.952, 17.168, 75.058, 83.42, 58.162, 62.922, 81.156, 59.946, 43.6, 57.466, 74.648, 45.792, 37.96, 10.39, 75.994, 75.07, 17.546, 17.444, 11.418, 74.702, 84.152, 55.556, 16.676, 39.702, 31.936, 16.132, 86.984, 13.3, 79.324, 78.292, 54.418, 83.202, 61.624, 14.428, 78.766, 81.176, 43.326, 31.246, 40.766, 66.92, 83.012, 39.45, 6.784, 47.336, 11.348, 77.69, 12.822, 80.046, 12.81, 73.544, 44.812, 76.186, 55.054, 12.95, 79.87, 25.784, 58.244, 25.366, 42.774, 6.276, 22.162, 67.546, 64.972, 74.996, 85.16, 56.382, 13.232, 50.414, 50.772, 56.75, 58.23, 44.762, 44.442, 36.868, 27.098, 35.74, 84.16, 6.178, 81.87, 7.154, 23.792, 28.598, 18.544, 67.186, 84.582, 7.924, 57.848]",4.7465,7.075097910276578,0.933931220959546
1800,"[20, 13, 84, 54, 64, 56, 60, 13, 48, 80, 64, 51, 25, 33, 35, 93, 55, 8, 24, 59, 80, 80, 55, 9, 36, 27, 64, 81, 28, 87, 12, 40, 33, 27, 54, 98, 59, 57, 72, 23, 54, 30, 59, 48, 13, 51, 70, 30, 27, 12, 9, 42, 98, 96, 96, 28, 24, 90, 80, 25, 54, 7, 6, 63, 18, 98, 42, 32, 28, 32, 80, 85, 32, 10, 84, 8, 18, 70, 6, 72, 18, 6, 95, 90, 51, 87, 42, 51, 51, 51, 19, 95, 87, 60, 19, 96, 48, 13, 96, 85]","[18.46, 13.032, 84.54, 55.066, 63.982, 54.548, 65.718, 12.848, 52.114, 72.072, 58.162, 60.304, 27.222, 47.694, 35.284, 76.512, 55.004, 8.396, 22.754, 58.704, 78.894, 61.066, 55.016, 11.606, 40.02, 28.53, 58.75, 81.248, 27.036, 80.814, 9.732, 39.17, 34.034, 27.574, 60.306, 86.026, 48.132, 69.132, 77.65, 22.07, 57.526, 31.192, 50.614, 45.18, 13.024, 52.18, 71.146, 31.496, 29.078, 9.65, 12.11, 43.448, 85.822, 76.56, 82.51, 27.444, 23.42, 81.208, 68.272, 24.528, 55.706, 7.218, 8.654, 67.906, 18.144, 87.134, 44.472, 34.736, 26.518, 41.464, 69.458, 78.75, 41.714, 12.742, 81.698, 12.808, 18.362, 72.1, 7.252, 78.144, 17.198, 6.134, 84.642, 73.964, 45.384, 83.648, 41.97, 41.948, 56.714, 46.054, 17.716, 82.896, 75.398, 67.754, 18.72, 85.538, 44.86, 12.834, 83.298, 69.816]",4.76332,6.855307993080983,0.9425492712065972
1800,"[27, 80, 83, 29, 7, 19, 43, 33, 57, 27, 36, 87, 32, 7, 20, 96, 64, 6, 32, 40, 55, 87, 16, 9, 60, 30, 43, 83, 60, 18, 27, 85, 13, 24, 96, 28, 32, 30, 40, 27, 59, 29, 85, 40, 85, 18, 71, 30, 49, 56, 42, 51, 54, 54, 16, 23, 8, 89, 15, 16, 100, 57, 24, 59, 25, 63, 80, 12, 96, 64, 72, 8, 55, 72, 64, 64, 96, 80, 100, 54, 16, 84, 19, 89, 32, 13, 87, 25, 98, 35, 72, 81, 55, 36, 19, 16, 24, 85, 64, 44]","[28.33, 73.296, 77.982, 33.75, 6.816, 26.48, 46.882, 32.166, 69.354, 30.9, 39.532, 82.154, 28.432, 13.27, 16.376, 83.312, 71.52, 8.342, 38.368, 43.354, 52.986, 79.906, 17.122, 9.596, 67.92, 32.796, 46.676, 79.614, 68.078, 20.308, 33.428, 83.246, 12.932, 23.796, 86.26, 27.604, 39.516, 33.224, 44.138, 37.486, 53.87, 31.046, 85.51, 45.232, 85.646, 17.74, 69.632, 34.382, 50.978, 57.098, 43.6, 47.608, 62.796, 61.094, 14.694, 21.27, 9.688, 82.518, 13.84, 14.992, 83.724, 69.372, 22.204, 55.232, 24.858, 62.474, 73.654, 13.104, 84.63, 62.292, 73.21, 8.628, 56.308, 81.534, 57.746, 58.14, 75.79, 74.208, 79.372, 56.68, 22.296, 84.324, 25.162, 82.848, 41.216, 12.88, 69.944, 27.944, 83.52, 36.544, 79.692, 80.266, 54.012, 40.244, 19.146, 17.712, 26.778, 72.78, 58.376, 55.578]",4.8191999999999995,6.5669760651307385,0.944275599763329
1800,"[6, 33, 36, 60, 28, 51, 24, 32, 71, 27, 33, 15, 93, 55, 10, 84, 10, 18, 36, 59, 54, 13, 13, 50, 42, 24, 64, 40, 13, 85, 55, 63, 12, 20, 72, 25, 59, 64, 89, 93, 60, 24, 54, 80, 80, 84, 32, 60, 100, 24, 93, 43, 29, 27, 72, 96, 44, 44, 8, 32, 89, 25, 85, 98, 30, 48, 10, 96, 18, 93, 83, 96, 48, 71, 42, 64, 30, 56, 85, 85, 32, 33, 7, 6, 63, 56, 54, 42, 16, 96, 7, 80, 50, 7, 95, 30, 40, 60, 48, 96]","[7.046, 36.866, 49.782, 69.226, 26.386, 59.698, 26.354, 31.224, 64.796, 29.5, 35.664, 13.878, 78.35, 53.964, 10.952, 82.362, 13.24, 18.416, 37.87, 51.196, 51.844, 15.66, 12.986, 57.454, 44.2, 29.718, 55.234, 40.186, 13.916, 76.206, 67.04, 74.536, 9.456, 19.366, 75.766, 31.784, 59.956, 55.728, 81.682, 77.718, 65.77, 25.25, 56.912, 74.772, 73.468, 83.54, 38.258, 66.106, 73.302, 21.444, 84.77, 41.818, 29.1, 31.906, 79.732, 85.084, 54.884, 44.742, 12.52, 36.762, 78.4, 21.798, 82.888, 88.26, 32.79, 50.008, 13.71, 69.872, 17.956, 86.274, 76.658, 77.444, 46.772, 64.514, 42.296, 67.926, 31.062, 55.378, 72.382, 72.856, 38.166, 40.89, 23.742, 8.02, 76.654, 55.978, 63.844, 42.076, 16.79, 82.982, 8.204, 69.166, 56.606, 7.332, 82.474, 32.45, 39.222, 61.23, 45.048, 84.734]",5.61938,7.78237671408934,0.9237550815625948
1800,"[55, 98, 84, 6, 64, 19, 33, 57, 96, 84, 19, 50, 100, 6, 63, 96, 33, 15, 25, 16, 33, 15, 48, 16, 84, 72, 72, 48, 44, 85, 20, 20, 49, 13, 23, 64, 100, 24, 16, 80, 33, 40, 43, 72, 96, 33, 100, 32, 27, 36, 33, 64, 39, 40, 60, 57, 35, 51, 60, 48, 7, 71, 24, 72, 71, 32, 13, 48, 87, 19, 48, 7, 24, 96, 49, 8, 48, 63, 18, 83, 50, 56, 39, 59, 64, 83, 80, 100, 48, 72, 64, 16, 24, 48, 80, 48, 19, 60, 32, 24]","[57.196, 79.476, 83.698, 6.296, 57.878, 18.022, 36.828, 72.41, 73.02, 80.294, 19.628, 58.84, 78.96, 7.016, 65.49, 84.178, 39.932, 14.176, 28.368, 16.736, 37.182, 19.918, 53.078, 14.85, 83.18, 76.836, 74.996, 59.222, 42.3, 80.116, 18.774, 18.692, 49.76, 13.12, 21.168, 71.022, 81.81, 21.79, 16.76, 73.866, 35.302, 39.034, 46.078, 74.156, 81.476, 33.354, 73.268, 38.918, 34.408, 38.498, 35.186, 59.046, 42.166, 47.652, 64.964, 57.466, 44.164, 61.424, 67.446, 45.724, 6.368, 62.97, 22.992, 78.64, 60.872, 27.384, 13.122, 50.402, 73.422, 17.526, 44.636, 7.658, 22.974, 84.056, 48.93, 9.266, 42.476, 70.666, 24.512, 81.058, 56.664, 56.654, 44.024, 58.33, 55.912, 82.63, 74.774, 78.214, 44.612, 73.818, 61.856, 15.552, 22.856, 46.274, 75.29, 44.578, 19.1, 65.412, 40.696, 25.192]",5.043040000000001,7.447238135040399,0.9224684949078731
1800,"[40, 24, 50, 57, 84, 13, 33, 7, 16, 48, 83, 96, 15, 24, 14, 72, 20, 16, 19, 100, 20, 25, 51, 33, 44, 96, 96, 64, 20, 80, 96, 30, 6, 54, 90, 63, 40, 48, 19, 71, 13, 89, 56, 96, 15, 40, 12, 51, 71, 18, 84, 95, 64, 60, 96, 24, 51, 12, 15, 72, 32, 95, 16, 72, 51, 98, 43, 6, 25, 29, 7, 28, 39, 18, 18, 96, 40, 100, 93, 6, 40, 13, 7, 70, 48, 49, 12, 48, 32, 20, 27, 8, 24, 63, 36, 95, 63, 95, 63, 19]","[45.428, 23.194, 58.83, 73.522, 85.416, 14.148, 33.192, 6.862, 19.762, 58.206, 77.908, 79.006, 12.742, 23.202, 14.302, 79.264, 16.512, 16.97, 19.094, 73.39, 18.086, 23.894, 44.416, 46.918, 44.716, 84.656, 85.776, 59.076, 19.342, 76.13, 81.072, 29.796, 6.354, 60.524, 81.752, 69.768, 43.578, 43.52, 19.274, 63.0, 12.966, 82.91, 57.42, 83.17, 13.862, 47.072, 12.928, 52.82, 56.656, 16.126, 83.874, 71.026, 71.152, 65.918, 80.134, 22.886, 53.586, 11.35, 14.152, 79.882, 28.32, 79.076, 15.008, 74.368, 46.994, 77.972, 45.638, 6.806, 30.908, 34.506, 7.08, 27.484, 39.33, 28.958, 20.908, 80.512, 43.186, 76.566, 77.908, 6.234, 44.53, 13.592, 6.676, 72.382, 43.132, 50.534, 10.998, 51.024, 35.674, 20.81, 37.302, 10.208, 21.728, 61.708, 41.728, 81.632, 69.392, 82.062, 69.864, 19.186]",5.52972,8.13797998522975,0.9262580558798558
1800,"[64, 13, 48, 98, 35, 72, 64, 81, 12, 36, 13, 14, 87, 6, 80, 80, 43, 72, 48, 24, 18, 63, 48, 33, 81, 72, 70, 35, 27, 84, 48, 96, 42, 30, 55, 57, 33, 56, 51, 54, 7, 84, 85, 36, 30, 51, 44, 30, 55, 10, 10, 48, 75, 63, 72, 100, 16, 59, 16, 51, 43, 55, 20, 13, 33, 12, 44, 24, 87, 60, 87, 24, 49, 90, 81, 19, 83, 33, 72, 13, 54, 85, 32, 48, 19, 72, 18, 16, 85, 13, 96, 84, 8, 19, 16, 48, 32, 72, 55, 16]","[63.782, 13.018, 44.614, 83.842, 34.278, 79.106, 58.626, 81.478, 10.738, 45.91, 12.94, 15.042, 82.692, 8.364, 78.4, 73.858, 47.308, 73.394, 60.258, 24.304, 18.47, 76.12, 52.958, 39.678, 69.69, 70.028, 70.172, 36.304, 26.354, 85.988, 44.196, 79.55, 42.338, 30.742, 56.872, 73.382, 39.038, 54.544, 46.04, 64.198, 9.22, 85.862, 85.762, 38.51, 31.494, 47.152, 44.724, 31.926, 58.672, 12.648, 13.436, 57.03, 75.44, 70.366, 76.672, 82.866, 14.938, 57.81, 15.312, 45.17, 41.216, 62.278, 18.504, 12.444, 33.318, 15.152, 48.12, 27.028, 74.872, 65.74, 75.856, 25.046, 50.632, 83.212, 75.006, 22.442, 79.878, 35.048, 76.132, 14.044, 57.928, 77.304, 30.294, 59.56, 21.496, 77.278, 18.052, 17.164, 79.794, 12.92, 77.73, 83.056, 9.13, 29.098, 16.312, 48.056, 37.16, 75.72, 54.736, 14.196]",4.146999999999999,5.978404148265655,0.9495996021138057
1800,"[35, 71, 27, 24, 16, 95, 75, 13, 57, 63, 27, 89, 23, 44, 72, 8, 57, 49, 96, 54, 98, 44, 44, 33, 13, 19, 64, 54, 63, 93, 56, 72, 81, 80, 55, 19, 10, 44, 64, 28, 64, 24, 90, 85, 39, 19, 51, 6, 87, 54, 43, 25, 59, 48, 71, 33, 29, 40, 96, 100, 51, 64, 59, 35, 48, 15, 83, 48, 48, 24, 50, 54, 32, 33, 100, 36, 25, 96, 49, 19, 23, 90, 32, 96, 12, 13, 96, 32, 6, 23, 40, 100, 87, 35, 10, 70, 13, 10, 96, 24]","[40.288, 58.134, 39.698, 26.386, 19.456, 80.112, 75.776, 13.058, 67.294, 73.516, 26.412, 79.574, 22.2, 44.544, 79.928, 8.974, 50.16, 50.236, 83.162, 56.984, 84.916, 43.978, 49.506, 31.934, 13.138, 18.102, 57.292, 60.224, 72.436, 80.474, 54.83, 73.852, 77.808, 69.702, 64.416, 19.106, 12.942, 60.028, 56.832, 27.064, 58.562, 24.188, 83.75, 72.704, 38.666, 18.44, 63.73, 6.758, 83.39, 51.842, 41.734, 32.328, 71.098, 61.922, 64.214, 35.282, 34.372, 44.756, 70.364, 82.358, 51.774, 72.966, 57.226, 35.42, 46.466, 13.61, 79.326, 51.32, 52.554, 25.982, 57.906, 60.866, 31.26, 34.268, 78.26, 36.992, 24.692, 83.52, 44.012, 19.346, 21.656, 78.438, 38.68, 82.038, 13.766, 12.83, 84.748, 32.054, 6.438, 21.734, 42.586, 78.822, 76.106, 35.104, 10.942, 69.688, 13.364, 11.812, 82.426, 24.744]",5.54536,7.930204057904185,0.9186749870909365
